{
  "case_shop_bottom_style": {
    "views": [
      {
        "views": [
          {
            "views": [
              {
                "views": [
                  {
                    "views": [],
                    "properties": [
                      {
                        "value": "img_chat",
                        "type": "ref",
                        "name": "id"
                      },
                      {
                        "value": "wrap_content",
                        "type": "dimen",
                        "name": "layout_width"
                      },
                      {
                        "value": "20dp",
                        "type": "dimen",
                        "name": "layout_height"
                      },
                      {
                        "value": "center_Inside",
                        "type": "string",
                        "name": "scaleType"
                      },
                      {
                        "value": "https://qnm.hunliji.com/o_1cn4f3kk3s9qnset4maq41uot9.gif",
                        "type": "glide",
                        "name": "src"
                      }
                    ],
                    "widget": "ImageView"
                  },
                  {
                    "views": [],
                    "properties": [
                      {
                        "value": "wrap_content",
                        "type": "dimen",
                        "name": "layout_width"
                      },
                      {
                        "value": "wrap_content",
                        "type": "dimen",
                        "name": "layout_height"
                      },
                      {
                        "value": "2dp",
                        "type": "dimen",
                        "name": "layout_marginBottom"
                      },
                      {
                        "value": "5dp",
                        "type": "dimen",
                        "name": "layout_marginTop"
                      },
                      {
                        "value": "center",
                        "type": "string",
                        "name": "gravity"
                      },
                      {
                        "value": "false",
                        "type": "BOOLEAN",
                        "name": "includeFontPadding"
                      },
                      {
                        "value": "私信",
                        "type": "string",
                        "name": "text"
                      },
                      {
                        "value": "#f83244",
                        "type": "color",
                        "name": "textColor"
                      },
                      {
                        "value": "10sp",
                        "type": "dimen",
                        "name": "textSize"
                      }
                    ],
                    "widget": "TextView"
                  }
                ],
                "properties": [
                  {
                    "value": "layout_chat",
                    "type": "ref",
                    "name": "id"
                  },
                  {
                    "value": "55dp",
                    "type": "dimen",
                    "name": "layout_width"
                  },
                  {
                    "value": "match_parent",
                    "type": "dimen",
                    "name": "layout_height"
                  },
                  {
                    "value": "center_horizontal|bottom",
                    "type": "string",
                    "name": "gravity"
                  },
                  {
                    "value": "vertical",
                    "type": "string",
                    "name": "orientation"
                  },
                  {
                    "value": "3dp",
                    "type": "dimen",
                    "name": "paddingBottom"
                  },
                  {
                    "value": {
                      "is_need_login": true,
                      "json_path": "$.chat.dynamic_action",
                      "type": "action_click"
                    },
                    "type": "json",
                    "name": "action"
                  },
                  {
                    "value": {
                      "json_path": "$.chat.dynamic_track",
                      "type": "action_tracker"
                    },
                    "type": "json",
                    "name": "action"
                  }
                ],
                "widget": "LinearLayout"
              },
              {
                "views": [
                  {
                    "views": [],
                    "properties": [
                      {
                        "value": "wrap_content",
                        "type": "dimen",
                        "name": "layout_width"
                      },
                      {
                        "value": "20dp",
                        "type": "dimen",
                        "name": "layout_height"
                      },
                      {
                        "value": "center_Inside",
                        "type": "string",
                        "name": "scaleType"
                      },
                      {
                        "value": "icon_call_primary___mh",
                        "type": "ref",
                        "name": "src"
                      }
                    ],
                    "widget": "ImageView"
                  },
                  {
                    "views": [],
                    "properties": [
                      {
                        "value": "wrap_content",
                        "type": "dimen",
                        "name": "layout_width"
                      },
                      {
                        "value": "wrap_content",
                        "type": "dimen",
                        "name": "layout_height"
                      },
                      {
                        "value": "2dp",
                        "type": "dimen",
                        "name": "layout_marginBottom"
                      },
                      {
                        "value": "5dp",
                        "type": "dimen",
                        "name": "layout_marginTop"
                      },
                      {
                        "value": "center",
                        "type": "string",
                        "name": "gravity"
                      },
                      {
                        "value": "false",
                        "type": "BOOLEAN",
                        "name": "includeFontPadding"
                      },
                      {
                        "value": "电话",
                        "type": "string",
                        "name": "text"
                      },
                      {
                        "value": "#f83244",
                        "type": "color",
                        "name": "textColor"
                      },
                      {
                        "value": "10sp",
                        "type": "dimen",
                        "name": "textSize"
                      }
                    ],
                    "widget": "TextView"
                  }
                ],
                "properties": [
                  {
                    "value": "layout_call",
                    "type": "ref",
                    "name": "id"
                  },
                  {
                    "value": "55dp",
                    "type": "dimen",
                    "name": "layout_width"
                  },
                  {
                    "value": "match_parent",
                    "type": "dimen",
                    "name": "layout_height"
                  },
                  {
                    "value": "center_horizontal|bottom",
                    "type": "string",
                    "name": "gravity"
                  },
                  {
                    "value": "vertical",
                    "type": "string",
                    "name": "orientation"
                  },
                  {
                    "value": "3dp",
                    "type": "dimen",
                    "name": "paddingBottom"
                  },
                  {
                    "value": {
                      "json_path": "$.phone.dynamic_action",
                      "type": "action_click"
                    },
                    "type": "json",
                    "name": "action"
                  },
                  {
                    "value": {
                      "json_path": "$.phone.dynamic_track",
                      "type": "action_tracker"
                    },
                    "type": "json",
                    "name": "action"
                  }
                ],
                "widget": "LinearLayout"
              },
              {
                "views": [
                  {
                    "views": [],
                    "properties": [
                      {
                        "value": "wrap_content",
                        "type": "dimen",
                        "name": "layout_width"
                      },
                      {
                        "value": "20dp",
                        "type": "dimen",
                        "name": "layout_height"
                      },
                      {
                        "value": "center_Inside",
                        "type": "string",
                        "name": "scaleType"
                      },
                      {
                        "value": {
                          "js": "function getMipmap(jsonStr){ var json = JSON.parse(jsonStr);return json.collect.is_collect>0?'icon_collect_primary_44_44':'icon_collect_stroke_primary_44_44'; }",
                          "functionName": "getMipmap",
                          "operate": "json_to_parse",
                          "type": "action_mipmap"
                        },
                        "type": "json",
                        "name": "action"
                      }
                    ],
                    "widget": "ImageView"
                  },
                  {
                    "views": [],
                    "properties": [
                      {
                        "value": "55dp",
                        "type": "dimen",
                        "name": "layout_width"
                      },
                      {
                        "value": "wrap_content",
                        "type": "dimen",
                        "name": "layout_height"
                      },
                      {
                        "value": "2dp",
                        "type": "dimen",
                        "name": "layout_marginBottom"
                      },
                      {
                        "value": "5dp",
                        "type": "dimen",
                        "name": "layout_marginTop"
                      },
                      {
                        "value": "center",
                        "type": "string",
                        "name": "gravity"
                      },
                      {
                        "value": "false",
                        "type": "BOOLEAN",
                        "name": "includeFontPadding"
                      },
                      {
                        "value": {
                          "js": "function getTitle(jsonStr){ var json = JSON.parse(jsonStr);return json.collect.is_collect>0?'已收藏':'收藏'; }",
                          "functionName": "getTitle",
                          "operate": "json_to_parse",
                          "type": "action_text"
                        },
                        "type": "json",
                        "name": "action"
                      },
                      {
                        "value": "#f83244",
                        "type": "color",
                        "name": "textColor"
                      },
                      {
                        "value": "10sp",
                        "type": "dimen",
                        "name": "textSize"
                      }
                    ],
                    "widget": "TextView"
                  }
                ],
                "properties": [
                  {
                    "value": "collect_layout",
                    "type": "ref",
                    "name": "id"
                  },
                  {
                    "value": "55dp",
                    "type": "dimen",
                    "name": "layout_width"
                  },
                  {
                    "value": "match_parent",
                    "type": "dimen",
                    "name": "layout_height"
                  },
                  {
                    "value": "center_horizontal|bottom",
                    "type": "string",
                    "name": "gravity"
                  },
                  {
                    "value": "vertical",
                    "type": "string",
                    "name": "orientation"
                  },
                  {
                    "value": "3dp",
                    "type": "dimen",
                    "name": "paddingBottom"
                  },
                  {
                    "value": {
                      "is_need_login": true,
                      "type": "action_click",
                      "click_success": {
                        "js": "function refreshJson(jsonStr){ var json = JSON.parse(jsonStr);json.collect.is_collect=json.collect.is_collect>0?0:1;return JSON.stringify(json); }",
                        "functionName": "refreshJson",
                        "operate": "json_to_parse"
                      },
                      "http": {
                        "js_root_path": {
                          "js": "function geRootPath(jsonStr){ var json = JSON.parse(jsonStr);return json.collect.is_collect>0?'$.collect.collected':'$.collect.not_collect'; }",
                          "functionName": "geRootPath",
                          "operate": "json_to_parse"
                        },
                        "http_root_path": "$.collect.collected",
                        "http_type": "post",
                        "http_url": ".http_url",
                        "body": ".body",
                        "http_success": {
                          "js": "function isCollect(jsonStr){ var json = JSON.parse(jsonStr);return json.collect.is_collect==0?'action_case_hint':null; }",
                          "functionName": "isCollect",
                          "target_view_id": "click_collect_view",
                          "operate": "json_to_parse",
                          "type": "action_case_hint"
                        }
                      }
                    },
                    "type": "json",
                    "name": "action"
                  },
                  {
                    "value": {
                      "json_path": "$.collect.dynamic_track",
                      "type": "action_tracker"
                    },
                    "type": "json",
                    "name": "action"
                  }
                ],
                "widget": "LinearLayout"
              }
            ],
            "properties": [
              {
                "value": "button_layout",
                "type": "ref",
                "name": "id"
              },
              {
                "value": "wrap_content",
                "type": "dimen",
                "name": "layout_width"
              },
              {
                "value": "match_parent",
                "type": "dimen",
                "name": "layout_height"
              },
              {
                "value": "#ffffff",
                "type": "color",
                "name": "background"
              },
              {
                "value": "10dp",
                "type": "dimen",
                "name": "paddingLeft"
              },
              {
                "value": "10dp",
                "type": "dimen",
                "name": "paddingRight"
              }
            ],
            "widget": "LinearLayout"
          },
          {
            "views": [],
            "properties": [
              {
                "value": "match_parent",
                "type": "dimen",
                "name": "layout_width"
              },
              {
                "value": "0.5dp",
                "type": "dimen",
                "name": "layout_height"
              },
              {
                "value": "#e2e2e2",
                "type": "color",
                "name": "background"
              }
            ],
            "widget": "android.view.View"
          },
          {
            "views": [],
            "properties": [
              {
                "value": "tv_buy",
                "type": "ref",
                "name": "id"
              },
              {
                "value": "match_parent",
                "type": "dimen",
                "name": "layout_width"
              },
              {
                "value": "match_parent",
                "type": "dimen",
                "name": "layout_height"
              },
              {
                "value": "button_layout",
                "type": "ref",
                "name": "layout_toRightOf"
              },
              {
                "value": "#f83244",
                "type": "color",
                "name": "background"
              },
              {
                "value": "center",
                "type": "string",
                "name": "gravity"
              },
              {
                "value": "进入店铺",
                "type": "string",
                "name": "text"
              },
              {
                "value": "#ffffff",
                "type": "color",
                "name": "textColor"
              },
              {
                "value": "16sp",
                "type": "dimen",
                "name": "textSize"
              },
              {
                "value": {
                  "json_path": "$.shop.dynamic_action",
                  "type": "action_click"
                },
                "type": "json",
                "name": "action"
              },
              {
                "value": {
                  "json_path": "$.shop.dynamic_track",
                  "type": "action_tracker"
                },
                "type": "json",
                "name": "action"
              }
            ],
            "widget": "TextView"
          }
        ],
        "properties": [
          {
            "value": "case_bottom",
            "type": "ref",
            "name": "id"
          },
          {
            "value": "match_parent",
            "type": "dimen",
            "name": "layout_width"
          },
          {
            "value": "50dp",
            "type": "dimen",
            "name": "layout_height"
          },
          {
            "value": "true",
            "type": "BOOLEAN",
            "name": "layout_alignParentBottom"
          },
          {
            "value": "visibility",
            "type": "string",
            "name": "visibility"
          },
          {
            "value": "#ffffff",
            "type": "color",
            "name": "background"
          }
        ],
        "widget": "RelativeLayout"
      },
      {
        "views": [],
        "properties": [
          {
            "value": "collect_hint_view",
            "type": "ref",
            "name": "id"
          },
          {
            "value": "gone",
            "type": "string",
            "name": "visibility"
          },
          {
            "value": "wrap_content",
            "type": "dimen",
            "name": "layout_width"
          },
          {
            "value": "wrap_content",
            "type": "dimen",
            "name": "layout_height"
          },
          {
            "value": "6dp",
            "type": "dimen",
            "name": "layout_marginBottom"
          },
          {
            "value": "case_bottom",
            "type": "ref",
            "name": "layout_above"
          },
          {
            "value": {
              "js": "function isCollect(jsonStr){ var json = JSON.parse(jsonStr);return json.collect.is_collect==0?'action_case_hint':null; }",
              "functionName": "isCollect",
              "operate": "json_to_parse",
              "type": "action_case_hint",
              "target_view_id": "collect_layout"
            },
            "type": "json",
            "name": "action"
          }
        ],
        "widget": "com.hunliji.hljdynamiclibrary.widgets.DynamicCollectHintView"
      },
      {
        "views": [],
        "properties": [
          {
            "value": "click_collect_view",
            "type": "ref",
            "name": "id"
          },
          {
            "value": "gone",
            "type": "string",
            "name": "visibility"
          },
          {
            "value": "wrap_content",
            "type": "dimen",
            "name": "layout_width"
          },
          {
            "value": "wrap_content",
            "type": "dimen",
            "name": "layout_height"
          },
          {
            "value": "6dp",
            "type": "dimen",
            "name": "layout_marginBottom"
          },
          {
            "value": "case_bottom",
            "type": "ref",
            "name": "layout_above"
          }
        ],
        "widget": "com.hunliji.hljdynamiclibrary.widgets.DynamicClickCollectView"
      }
    ],
    "properties": [
      {
        "value": "match_parent",
        "type": "dimen",
        "name": "layout_width"
      },
      {
        "value": "wrap_content",
        "type": "dimen",
        "name": "layout_height"
      },
      {
        "value": "true",
        "type": "BOOLEAN",
        "name": "layout_alignParentBottom"
      }
    ],
    "widget": "RelativeLayout"
  },
  "case_message_bottom_style": {
    "views": [
      {
        "views": [
          {
            "views": [
              {
                "views": [
                  {
                    "views": [],
                    "properties": [
                      {
                        "value": "img_make_appointment",
                        "type": "ref",
                        "name": "id"
                      },
                      {
                        "value": "wrap_content",
                        "type": "dimen",
                        "name": "layout_width"
                      },
                      {
                        "value": "20dp",
                        "type": "dimen",
                        "name": "layout_height"
                      },
                      {
                        "value": "center_Inside",
                        "type": "string",
                        "name": "scaleType"
                      },
                      {
                        "value": "https://qnm.hunliji.com/o_1cvsi30og1kg81erk1emiln519199.png",
                        "type": "glide",
                        "name": "src"
                      }
                    ],
                    "widget": "ImageView"
                  },
                  {
                    "views": [],
                    "properties": [
                      {
                        "value": "wrap_content",
                        "type": "dimen",
                        "name": "layout_width"
                      },
                      {
                        "value": "wrap_content",
                        "type": "dimen",
                        "name": "layout_height"
                      },
                      {
                        "value": "2dp",
                        "type": "dimen",
                        "name": "layout_marginBottom"
                      },
                      {
                        "value": "5dp",
                        "type": "dimen",
                        "name": "layout_marginTop"
                      },
                      {
                        "value": "center",
                        "type": "string",
                        "name": "gravity"
                      },
                      {
                        "value": "false",
                        "type": "BOOLEAN",
                        "name": "includeFontPadding"
                      },
                      {
                        "value": "预约",
                        "type": "string",
                        "name": "text"
                      },
                      {
                        "value": "#f83244",
                        "type": "color",
                        "name": "textColor"
                      },
                      {
                        "value": "10sp",
                        "type": "dimen",
                        "name": "textSize"
                      }
                    ],
                    "widget": "TextView"
                  }
                ],
                "properties": [
                  {
                    "value": "layout_make_appointment",
                    "type": "ref",
                    "name": "id"
                  },
                  {
                    "value": "55dp",
                    "type": "dimen",
                    "name": "layout_width"
                  },
                  {
                    "value": "match_parent",
                    "type": "dimen",
                    "name": "layout_height"
                  },
                  {
                    "value": "center_horizontal|bottom",
                    "type": "string",
                    "name": "gravity"
                  },
                  {
                    "value": "vertical",
                    "type": "string",
                    "name": "orientation"
                  },
                  {
                    "value": "3dp",
                    "type": "dimen",
                    "name": "paddingBottom"
                  },
                  {
                    "value": {
                      "is_need_login": true,
                      "json_path": "$.make_appointment.dynamic_action",
                      "type": "action_click"
                    },
                    "type": "json",
                    "name": "action"
                  },
                  {
                    "value": {
                      "json_path": "$.make_appointment.dynamic_track",
                      "type": "action_tracker"
                    },
                    "type": "json",
                    "name": "action"
                  }
                ],
                "widget": "LinearLayout"
              },
              {
                "views": [
                  {
                    "views": [],
                    "properties": [
                      {
                        "value": "wrap_content",
                        "type": "dimen",
                        "name": "layout_width"
                      },
                      {
                        "value": "20dp",
                        "type": "dimen",
                        "name": "layout_height"
                      },
                      {
                        "value": "center_Inside",
                        "type": "string",
                        "name": "scaleType"
                      },
                      {
                        "value": "https://qnm.hunliji.com/o_1cn5pf4h8louh0815jqpj913c02p.png",
                        "type": "glide",
                        "name": "src"
                      }
                    ],
                    "widget": "ImageView"
                  },
                  {
                    "views": [],
                    "properties": [
                      {
                        "value": "wrap_content",
                        "type": "dimen",
                        "name": "layout_width"
                      },
                      {
                        "value": "wrap_content",
                        "type": "dimen",
                        "name": "layout_height"
                      },
                      {
                        "value": "2dp",
                        "type": "dimen",
                        "name": "layout_marginBottom"
                      },
                      {
                        "value": "5dp",
                        "type": "dimen",
                        "name": "layout_marginTop"
                      },
                      {
                        "value": "center",
                        "type": "string",
                        "name": "gravity"
                      },
                      {
                        "value": "false",
                        "type": "BOOLEAN",
                        "name": "includeFontPadding"
                      },
                      {
                        "value": "店铺",
                        "type": "string",
                        "name": "text"
                      },
                      {
                        "value": "#f83244",
                        "type": "color",
                        "name": "textColor"
                      },
                      {
                        "value": "10sp",
                        "type": "dimen",
                        "name": "textSize"
                      }
                    ],
                    "widget": "TextView"
                  }
                ],
                "properties": [
                  {
                    "value": "shop_layout",
                    "type": "ref",
                    "name": "id"
                  },
                  {
                    "value": "55dp",
                    "type": "dimen",
                    "name": "layout_width"
                  },
                  {
                    "value": "match_parent",
                    "type": "dimen",
                    "name": "layout_height"
                  },
                  {
                    "value": "center_horizontal|bottom",
                    "type": "string",
                    "name": "gravity"
                  },
                  {
                    "value": "vertical",
                    "type": "string",
                    "name": "orientation"
                  },
                  {
                    "value": "3dp",
                    "type": "dimen",
                    "name": "paddingBottom"
                  },
                  {
                    "value": {
                      "json_path": "$.shop.dynamic_action",
                      "type": "action_click"
                    },
                    "type": "json",
                    "name": "action"
                  },
                  {
                    "value": {
                      "json_path": "$.shop.dynamic_track",
                      "type": "action_tracker"
                    },
                    "type": "json",
                    "name": "action"
                  }
                ],
                "widget": "LinearLayout"
              },
              {
                "views": [
                  {
                    "views": [],
                    "properties": [
                      {
                        "value": "wrap_content",
                        "type": "dimen",
                        "name": "layout_width"
                      },
                      {
                        "value": "20dp",
                        "type": "dimen",
                        "name": "layout_height"
                      },
                      {
                        "value": "center_Inside",
                        "type": "string",
                        "name": "scaleType"
                      },
                      {
                        "value": {
                          "js": "function getMipmap(jsonStr){ var json = JSON.parse(jsonStr);return json.collect.is_collect > 0?'icon_collect_primary_44_44':'icon_collect_stroke_primary_44_44'; }",
                          "functionName": "getMipmap",
                          "operate": "json_to_parse",
                          "type": "action_mipmap"
                        },
                        "type": "json",
                        "name": "action"
                      }
                    ],
                    "widget": "ImageView"
                  },
                  {
                    "views": [],
                    "properties": [
                      {
                        "value": "55dp",
                        "type": "dimen",
                        "name": "layout_width"
                      },
                      {
                        "value": "wrap_content",
                        "type": "dimen",
                        "name": "layout_height"
                      },
                      {
                        "value": "2dp",
                        "type": "dimen",
                        "name": "layout_marginBottom"
                      },
                      {
                        "value": "5dp",
                        "type": "dimen",
                        "name": "layout_marginTop"
                      },
                      {
                        "value": "center",
                        "type": "string",
                        "name": "gravity"
                      },
                      {
                        "value": "false",
                        "type": "BOOLEAN",
                        "name": "includeFontPadding"
                      },
                      {
                        "value": {
                          "js": "function getTitle(jsonStr){ var json = JSON.parse(jsonStr);return json.collect.is_collect > 0?'已收藏':'收藏'; }",
                          "functionName": "getTitle",
                          "operate": "json_to_parse",
                          "type": "action_text"
                        },
                        "type": "json",
                        "name": "action"
                      },
                      {
                        "value": "#f83244",
                        "type": "color",
                        "name": "textColor"
                      },
                      {
                        "value": "10sp",
                        "type": "dimen",
                        "name": "textSize"
                      }
                    ],
                    "widget": "TextView"
                  }
                ],
                "properties": [
                  {
                    "value": "collect_layout",
                    "type": "ref",
                    "name": "id"
                  },
                  {
                    "value": "55dp",
                    "type": "dimen",
                    "name": "layout_width"
                  },
                  {
                    "value": "match_parent",
                    "type": "dimen",
                    "name": "layout_height"
                  },
                  {
                    "value": "center_horizontal|bottom",
                    "type": "string",
                    "name": "gravity"
                  },
                  {
                    "value": "vertical",
                    "type": "string",
                    "name": "orientation"
                  },
                  {
                    "value": "3dp",
                    "type": "dimen",
                    "name": "paddingBottom"
                  },
                  {
                    "value": {
                      "is_need_login": true,
                      "type": "action_click",
                      "click_success": {
                        "js": "function refreshJson(jsonStr){ var json = JSON.parse(jsonStr);json.collect.is_collect=json.collect.is_collect>0?0:1;return JSON.stringify(json); }",
                        "functionName": "refreshJson",
                        "operate": "json_to_parse"
                      },
                      "http": {
                        "js_root_path": {
                          "js": "function geRootPath(jsonStr){ var json = JSON.parse(jsonStr);return json.collect.is_collect > 0?'$.collect.collected':'$.collect.not_collect'; }",
                          "functionName": "geRootPath",
                          "operate": "json_to_parse"
                        },
                        "http_root_path": "$.collect.collected",
                        "http_type": "post",
                        "http_url": ".http_url",
                        "body": ".body",
                        "http_success": {
                          "js": "function isCollect(jsonStr){ var json = JSON.parse(jsonStr);return json.collect.is_collect==0?'action_case_hint':null; }",
                          "functionName": "isCollect",
                          "target_view_id": "click_collect_view",
                          "operate": "json_to_parse",
                          "type": "action_case_hint"
                        }
                      }
                    },
                    "type": "json",
                    "name": "action"
                  },
                  {
                    "value": {
                      "json_path": "$.collect.dynamic_track",
                      "type": "action_tracker"
                    },
                    "type": "json",
                    "name": "action"
                  }
                ],
                "widget": "LinearLayout"
              }
            ],
            "properties": [
              {
                "value": "button_layout",
                "type": "ref",
                "name": "id"
              },
              {
                "value": "wrap_content",
                "type": "dimen",
                "name": "layout_width"
              },
              {
                "value": "match_parent",
                "type": "dimen",
                "name": "layout_height"
              },
              {
                "value": "#ffffff",
                "type": "color",
                "name": "background"
              },
              {
                "value": "10dp",
                "type": "dimen",
                "name": "paddingLeft"
              },
              {
                "value": "10dp",
                "type": "dimen",
                "name": "paddingRight"
              }
            ],
            "widget": "LinearLayout"
          },
          {
            "views": [],
            "properties": [
              {
                "value": "match_parent",
                "type": "dimen",
                "name": "layout_width"
              },
              {
                "value": "0.5dp",
                "type": "dimen",
                "name": "layout_height"
              },
              {
                "value": "#e2e2e2",
                "type": "color",
                "name": "background"
              }
            ],
            "widget": "android.view.View"
          },
          {
            "views": [],
            "properties": [
              {
                "value": "tv_buy",
                "type": "ref",
                "name": "id"
              },
              {
                "value": "match_parent",
                "type": "dimen",
                "name": "layout_width"
              },
              {
                "value": "match_parent",
                "type": "dimen",
                "name": "layout_height"
              },
              {
                "value": "button_layout",
                "type": "ref",
                "name": "layout_toRightOf"
              },
              {
                "value": "#f83244",
                "type": "color",
                "name": "background"
              },
              {
                "value": "center",
                "type": "string",
                "name": "gravity"
              },
              {
                "value": "我也想这么拍",
                "type": "string",
                "name": "text"
              },
              {
                "value": {
                  "json_path": "$.chat.title",
                  "type": "action_text"
                },
                "type": "json",
                "name": "action"
              },
              {
                "value": "#ffffff",
                "type": "color",
                "name": "textColor"
              },
              {
                "value": "16sp",
                "type": "dimen",
                "name": "textSize"
              },
              {
                "value": {
                  "is_need_login": true,
                  "json_path": "$.chat2.dynamic_action",
                  "type": "action_click"
                },
                "type": "json",
                "name": "action"
              },
              {
                "value": {
                  "json_path": "$.chat2.dynamic_track",
                  "type": "action_tracker"
                },
                "type": "json",
                "name": "action"
              }
            ],
            "widget": "TextView"
          }
        ],
        "properties": [
          {
            "value": "case_bottom",
            "type": "ref",
            "name": "id"
          },
          {
            "value": "match_parent",
            "type": "dimen",
            "name": "layout_width"
          },
          {
            "value": "50dp",
            "type": "dimen",
            "name": "layout_height"
          },
          {
            "value": "true",
            "type": "BOOLEAN",
            "name": "layout_alignParentBottom"
          },
          {
            "value": "visibility",
            "type": "string",
            "name": "visibility"
          },
          {
            "value": "#ffffff",
            "type": "color",
            "name": "background"
          }
        ],
        "widget": "RelativeLayout"
      },
      {
        "views": [],
        "properties": [
          {
            "value": "collect_hint_view",
            "type": "ref",
            "name": "id"
          },
          {
            "value": "gone",
            "type": "string",
            "name": "visibility"
          },
          {
            "value": "wrap_content",
            "type": "dimen",
            "name": "layout_width"
          },
          {
            "value": "wrap_content",
            "type": "dimen",
            "name": "layout_height"
          },
          {
            "value": "6dp",
            "type": "dimen",
            "name": "layout_marginBottom"
          },
          {
            "value": "case_bottom",
            "type": "ref",
            "name": "layout_above"
          },
          {
            "value": {
              "js": "function isCollect(jsonStr){ var json = JSON.parse(jsonStr);return json.collect.is_collect==0?'action_case_hint':null; }",
              "functionName": "isCollect",
              "operate": "json_to_parse",
              "type": "action_case_hint",
              "target_view_id": "collect_layout"
            },
            "type": "json",
            "name": "action"
          }
        ],
        "widget": "com.hunliji.hljdynamiclibrary.widgets.DynamicCollectHintView"
      },
      {
        "views": [],
        "properties": [
          {
            "value": "click_collect_view",
            "type": "ref",
            "name": "id"
          },
          {
            "value": "gone",
            "type": "string",
            "name": "visibility"
          },
          {
            "value": "wrap_content",
            "type": "dimen",
            "name": "layout_width"
          },
          {
            "value": "wrap_content",
            "type": "dimen",
            "name": "layout_height"
          },
          {
            "value": "6dp",
            "type": "dimen",
            "name": "layout_marginBottom"
          },
          {
            "value": "case_bottom",
            "type": "ref",
            "name": "layout_above"
          }
        ],
        "widget": "com.hunliji.hljdynamiclibrary.widgets.DynamicClickCollectView"
      }
    ],
    "properties": [
      {
        "value": "match_parent",
        "type": "dimen",
        "name": "layout_width"
      },
      {
        "value": "wrap_content",
        "type": "dimen",
        "name": "layout_height"
      },
      {
        "value": "true",
        "type": "BOOLEAN",
        "name": "layout_alignParentBottom"
      }
    ],
    "widget": "RelativeLayout"
  }
}
