﻿{
  "status": {
    "RetCode": 0,
    "msg": "success"
  },
  "data": {
    "list": [
      {
        "id": "57",
        "type": "3",
        "title": "直播下红包雨许海峰个法规和规范化豆腐干东方红豆腐",
        "image_path": "http://qnm.hunliji.com/o_1c0npjp6s1e50bcqhojg4ebjcu.jpg",
        "video_path": "http://2449.vod.myqcloud.com/2449_22ca37a6ea9011e5acaaf51d105342e3.f20.mp4",
        "preview_path": "",
        "start_time": "2018-6-13 11:47:59",
        "end_time": "2022-01-03 10:14:58",
        "status": "2",
        "status_cn": "预热中",
        "watch_count": 4453,
        "anchor": {
          "id": "35732",
          "nick": "仪尚嘉礼婚庆礼仪",
          "name": null,
          "avatar": "http://marry.qiniudn.com/FrpZfYr3xjxaCaOZCPZCqHpPD9lh",
          "default_avatar": "http://qnm.hunliji.com/o_1a1j0dkfv1lngmapeue7opgphi.png"
        },
        "relates": [
          {
            "entity_type": "ShopProduct",
            "entity": {
    "collectors_count": "1",
    "sales_count": "0",
    "base_price": "0.00",
    "id": "88691",
    "title": "套餐原价非必填项豆腐干的双方各豆腐干苏打粉第三份",
    "sub_title": null,
    "cover_path": "http://qnm.hunliji.com/o_1b5h5r14i1tfr2eh1g3gnsu1t45r.jpg",
    "vertical_image": null,
    "describe": "发给红烧豆腐华东师范",
    "created_at": "2017-01-03 11:27:57",
    "updated_at": "2018-06-06 16:08:17",
    "purchase_notes": null,
    "status": "0",
    "commodity_type": "0",
    "phone_num": null,
    "merchant_id": "328428",
    "original_cover_path": null,
    "comments_count": "0",
    "weight": "0",
    "reason": "套餐标题少于8个字，建议修改标题重新提交",
    "actual_price": "888.00",
    "market_price": "0.00",
    "special_choice": null,
    "property_id": "2",
    "allow_earnest": "1",
    "cheaper_if_all_in": "1",
    "is_sold_out": false,
    "rating": "3",
    "quality_rating": "2",
    "published_time": "2017-01-03 14:03:05",
    "pop": "0",
    "score": "0",
    "sort_score": "0.0000000000",
    "sort_score_new_one_none": "0",
    "sort_score_tmp": "0",
    "sort_score_add": "0",
    "sort_score_heavy": "0",
    "watch_count": "52",
    "is_top": "87690",
    "sale_id": null,
    "actual_price2": null,
    "new_title": null,
    "type": "Package",
    "global": null,
    "city_code": "570",
    "rule_id": null,
    "sale_price": "111",
    "limit_num": "3",
    "limit_sold_out": "0",
    "deposit_percent": null,
    "pay_all_percent": "0.05",
    "sale_deposit_percent": "2.700000",
    "sale_pay_all_percent": "0.00",
    "is_lvpai": "0",
    "deleted": "0",
    "version": "1",
    "earnest_money": "300.00",
    "order_gift": "豆腐干华东师范",
    "pay_all_gift": "0",
    "detail_photos": [
        {
            "img": "http://qnm.hunliji.com/o_1b5h5s1vf1erin7q11no2ahgpb1f.jpg",
            "width": "1000",
            "height": "667"
        },
        {
            "img": "http://qnm.hunliji.com/o_1b5h5sc49ljni3q1du1sh3bib1k.jpg",
            "width": "1920",
            "height": "1200"
        },
        {
            "img": "http://qnm.hunliji.com/o_1b5h5secv13d76f019n119tubii1p.jpg",
            "width": "1000",
            "height": "667"
        }
    ],
    "hot_tag": "0",
    "pending_id": "399",
    "relate_set_meal_id": null,
    "case_head_img": null,
    "jewelry_type": "1",
    "is_installment": true,
    "second_category_id": "0",
    "show_price": 888,
    "is_introduced": 0
}
          },
          {
            "entity_type": "SetMeal",
            "entity": {
              "collectors_count": "1",
              "sales_count": "0",
              "base_price": "0.00",
              "id": "88691",
              "title": "套餐原价非必填项豆腐干的双方各豆腐干苏打粉第三份",
              "sub_title": null,
              "cover_path": "http://qnm.hunliji.com/o_1b5h5r14i1tfr2eh1g3gnsu1t45r.jpg",
              "vertical_image": null,
              "describe": "发给红烧豆腐华东师范",
              "created_at": "2017-01-03 11:27:57",
              "updated_at": "2018-06-06 16:08:17",
              "purchase_notes": null,
              "status": "0",
              "commodity_type": "0",
              "phone_num": null,
              "merchant_id": "328428",
              "original_cover_path": null,
              "comments_count": "0",
              "weight": "0",
              "reason": "套餐标题少于8个字，建议修改标题重新提交",
              "actual_price": "888.00",
              "market_price": "0.00",
              "special_choice": null,
              "property_id": "2",
              "allow_earnest": "1",
              "cheaper_if_all_in": "1",
              "is_sold_out": false,
              "rating": "3",
              "quality_rating": "2",
              "published_time": "2017-01-03 14:03:05",
              "pop": "0",
              "score": "0",
              "sort_score": "0.0000000000",
              "sort_score_new_one_none": "0",
              "sort_score_tmp": "0",
              "sort_score_add": "0",
              "sort_score_heavy": "0",
              "watch_count": "52",
              "is_top": "87690",
              "sale_id": null,
              "actual_price2": null,
              "new_title": null,
              "type": "Package",
              "global": null,
              "city_code": "570",
              "rule_id": null,
              "sale_price": "111",
              "limit_num": "3",
              "limit_sold_out": "0",
              "deposit_percent": null,
              "pay_all_percent": "0.05",
              "sale_deposit_percent": "2.700000",
              "sale_pay_all_percent": "0.00",
              "is_lvpai": "0",
              "deleted": "0",
              "version": "1",
              "earnest_money": "300.00",
              "order_gift": "豆腐干华东师范",
              "pay_all_gift": "0",
              "detail_photos": [
                {
                  "img": "http://qnm.hunliji.com/o_1b5h5s1vf1erin7q11no2ahgpb1f.jpg",
                  "width": "1000",
                  "height": "667"
                },
                {
                  "img": "http://qnm.hunliji.com/o_1b5h5sc49ljni3q1du1sh3bib1k.jpg",
                  "width": "1920",
                  "height": "1200"
                },
                {
                  "img": "http://qnm.hunliji.com/o_1b5h5secv13d76f019n119tubii1p.jpg",
                  "width": "1000",
                  "height": "667"
                }
              ],
              "hot_tag": "0",
              "pending_id": "399",
              "relate_set_meal_id": null,
              "case_head_img": null,
              "jewelry_type": "1",
              "is_installment": true,
              "second_category_id": "0",
              "show_price": 888,
              "is_introduced": 0
            }
          }
        ]
      },
      {
        "id": "57",
        "type": "3",
        "title": "直播下红包雨许海峰个法规和规范化豆腐干东方红豆腐",
        "image_path": "http://qnm.hunliji.com/o_1c0npjp6s1e50bcqhojg4ebjcu.jpg",
        "video_path": "http://2449.vod.myqcloud.com/2449_22ca37a6ea9011e5acaaf51d105342e3.f20.mp4",
        "preview_path": "",
        "start_time": "2018-11-14 11:47:59",
        "end_time": "2022-01-03 10:14:58",
        "status": "2",
        "status_cn": "预热中",
        "watch_count": 4453,
        "anchor": {
          "id": "35732",
          "nick": "仪尚嘉礼婚庆礼仪",
          "name": null,
          "avatar": "http://marry.qiniudn.com/FrpZfYr3xjxaCaOZCPZCqHpPD9lh",
          "default_avatar": "http://qnm.hunliji.com/o_1a1j0dkfv1lngmapeue7opgphi.png"
        },
        "relates": null
      },
      {
        "id": "57",
        "type": "3",
        "title": "直播下红包雨许海峰个法规和规范化豆腐干东方红豆腐",
        "image_path": "http://qnm.hunliji.com/o_1c0npjp6s1e50bcqhojg4ebjcu.jpg",
        "video_path": "http://221.228.226.23/11/t/j/v/b/tjvbwspwhqdmgouolposcsfafpedmb/sh.yinyuetai.com/691201536EE4912BF7E4F1E2C67B8119.mp4",
        "preview_path": "",
        "start_time": "2018-11-14 11:47:59",
        "end_time": "2022-01-03 10:14:58",
        "status": "2",
        "status_cn": "预热中",
        "watch_count": 4453,
        "anchor": {
          "id": "35732",
          "nick": "仪尚嘉礼婚庆礼仪",
          "name": null,
          "avatar": "http://marry.qiniudn.com/FrpZfYr3xjxaCaOZCPZCqHpPD9lh",
          "default_avatar": "http://qnm.hunliji.com/o_1a1j0dkfv1lngmapeue7opgphi.png"
        },
        "relates": [
          {
            "entity_type": "ShopProduct",
            "entity": {
              "collectors_count": "1",
              "sales_count": "0",
              "base_price": "0.00",
              "id": "88691",
              "title": "套餐原价非必填项豆腐干的双方各豆腐干苏打粉第三份",
              "sub_title": null,
              "cover_path": "http://qnm.hunliji.com/o_1b5h5r14i1tfr2eh1g3gnsu1t45r.jpg",
              "vertical_image": null,
              "describe": "发给红烧豆腐华东师范",
              "created_at": "2017-01-03 11:27:57",
              "updated_at": "2018-06-06 16:08:17",
              "purchase_notes": null,
              "status": "0",
              "commodity_type": "0",
              "phone_num": null,
              "merchant_id": "328428",
              "original_cover_path": null,
              "comments_count": "0",
              "weight": "0",
              "reason": "套餐标题少于8个字，建议修改标题重新提交",
              "actual_price": "888.00",
              "market_price": "0.00",
              "special_choice": null,
              "property_id": "2",
              "allow_earnest": "1",
              "cheaper_if_all_in": "1",
              "is_sold_out": false,
              "rating": "3",
              "quality_rating": "2",
              "published_time": "2017-01-03 14:03:05",
              "pop": "0",
              "score": "0",
              "sort_score": "0.0000000000",
              "sort_score_new_one_none": "0",
              "sort_score_tmp": "0",
              "sort_score_add": "0",
              "sort_score_heavy": "0",
              "watch_count": "52",
              "is_top": "87690",
              "sale_id": null,
              "actual_price2": null,
              "new_title": null,
              "type": "Package",
              "global": null,
              "city_code": "570",
              "rule_id": null,
              "sale_price": "111",
              "limit_num": "3",
              "limit_sold_out": "0",
              "deposit_percent": null,
              "pay_all_percent": "0.05",
              "sale_deposit_percent": "2.700000",
              "sale_pay_all_percent": "0.00",
              "is_lvpai": "0",
              "deleted": "0",
              "version": "1",
              "earnest_money": "300.00",
              "order_gift": "豆腐干华东师范",
              "pay_all_gift": "0",
              "detail_photos": [
                {
                  "img": "http://qnm.hunliji.com/o_1b5h5s1vf1erin7q11no2ahgpb1f.jpg",
                  "width": "1000",
                  "height": "667"
                },
                {
                  "img": "http://qnm.hunliji.com/o_1b5h5sc49ljni3q1du1sh3bib1k.jpg",
                  "width": "1920",
                  "height": "1200"
                },
                {
                  "img": "http://qnm.hunliji.com/o_1b5h5secv13d76f019n119tubii1p.jpg",
                  "width": "1000",
                  "height": "667"
                }
              ],
              "hot_tag": "0",
              "pending_id": "399",
              "relate_set_meal_id": null,
              "case_head_img": null,
              "jewelry_type": "1",
              "is_installment": true,
              "second_category_id": "0",
              "show_price": 888,
              "is_introduced": 0
            }
          },
          {
            "entity_type": "SetMeal",
            "entity": {
              "collectors_count": "1",
              "sales_count": "0",
              "base_price": "0.00",
              "id": "88691",
              "title": "套餐原价非必填项豆腐干的双方各豆腐干苏打粉第三份",
              "sub_title": null,
              "cover_path": "http://qnm.hunliji.com/o_1b5h5r14i1tfr2eh1g3gnsu1t45r.jpg",
              "vertical_image": null,
              "describe": "发给红烧豆腐华东师范",
              "created_at": "2017-01-03 11:27:57",
              "updated_at": "2018-06-06 16:08:17",
              "purchase_notes": null,
              "status": "0",
              "commodity_type": "0",
              "phone_num": null,
              "merchant_id": "328428",
              "original_cover_path": null,
              "comments_count": "0",
              "weight": "0",
              "reason": "套餐标题少于8个字，建议修改标题重新提交",
              "actual_price": "888.00",
              "market_price": "0.00",
              "special_choice": null,
              "property_id": "2",
              "allow_earnest": "1",
              "cheaper_if_all_in": "1",
              "is_sold_out": false,
              "rating": "3",
              "quality_rating": "2",
              "published_time": "2017-01-03 14:03:05",
              "pop": "0",
              "score": "0",
              "sort_score": "0.0000000000",
              "sort_score_new_one_none": "0",
              "sort_score_tmp": "0",
              "sort_score_add": "0",
              "sort_score_heavy": "0",
              "watch_count": "52",
              "is_top": "87690",
              "sale_id": null,
              "actual_price2": null,
              "new_title": null,
              "type": "Package",
              "global": null,
              "city_code": "570",
              "rule_id": null,
              "sale_price": "111",
              "limit_num": "3",
              "limit_sold_out": "0",
              "deposit_percent": null,
              "pay_all_percent": "0.05",
              "sale_deposit_percent": "2.700000",
              "sale_pay_all_percent": "0.00",
              "is_lvpai": "0",
              "deleted": "0",
              "version": "1",
              "earnest_money": "300.00",
              "order_gift": "豆腐干华东师范",
              "pay_all_gift": "0",
              "detail_photos": [
                {
                  "img": "http://qnm.hunliji.com/o_1b5h5s1vf1erin7q11no2ahgpb1f.jpg",
                  "width": "1000",
                  "height": "667"
                },
                {
                  "img": "http://qnm.hunliji.com/o_1b5h5sc49ljni3q1du1sh3bib1k.jpg",
                  "width": "1920",
                  "height": "1200"
                },
                {
                  "img": "http://qnm.hunliji.com/o_1b5h5secv13d76f019n119tubii1p.jpg",
                  "width": "1000",
                  "height": "667"
                }
              ],
              "hot_tag": "0",
              "pending_id": "399",
              "relate_set_meal_id": null,
              "case_head_img": null,
              "jewelry_type": "1",
              "is_installment": true,
              "second_category_id": "0",
              "show_price": 888,
              "is_introduced": 0
            }
          }
        ]
      },
      {
        "id": "57",
        "type": "3",
        "title": "直播下红包雨许海峰个法规和规范化豆腐干东方红豆腐",
        "image_path": "http://qnm.hunliji.com/o_1c0npjp6s1e50bcqhojg4ebjcu.jpg",
        "video_path": "http://2449.vod.myqcloud.com/2449_22ca37a6ea9011e5acaaf51d105342e3.f20.mp4",
        "preview_path": "",
        "start_time": "2018-11-10 11:47:59",
        "end_time": "2022-01-03 10:14:58",
        "status": "2",
        "status_cn": "预热中",
        "watch_count": 4453,
        "anchor": {
          "id": "35732",
          "nick": "仪尚嘉礼婚庆礼仪",
          "name": null,
          "avatar": "http://marry.qiniudn.com/FrpZfYr3xjxaCaOZCPZCqHpPD9lh",
          "default_avatar": "http://qnm.hunliji.com/o_1a1j0dkfv1lngmapeue7opgphi.png"
        },
        "relates": [
          {
            "entity_type": "ShopProduct",
            "entity": {
              "collectors_count": "1",
              "sales_count": "0",
              "base_price": "0.00",
              "id": "88691",
              "title": "套餐原价非必填项豆腐干的双方各豆腐干苏打粉第三份",
              "sub_title": null,
              "cover_path": "http://qnm.hunliji.com/o_1b5h5r14i1tfr2eh1g3gnsu1t45r.jpg",
              "vertical_image": null,
              "describe": "发给红烧豆腐华东师范",
              "created_at": "2017-01-03 11:27:57",
              "updated_at": "2018-06-06 16:08:17",
              "purchase_notes": null,
              "status": "0",
              "commodity_type": "0",
              "phone_num": null,
              "merchant_id": "328428",
              "original_cover_path": null,
              "comments_count": "0",
              "weight": "0",
              "reason": "套餐标题少于8个字，建议修改标题重新提交",
              "actual_price": "888.00",
              "market_price": "0.00",
              "special_choice": null,
              "property_id": "2",
              "allow_earnest": "1",
              "cheaper_if_all_in": "1",
              "is_sold_out": false,
              "rating": "3",
              "quality_rating": "2",
              "published_time": "2017-01-03 14:03:05",
              "pop": "0",
              "score": "0",
              "sort_score": "0.0000000000",
              "sort_score_new_one_none": "0",
              "sort_score_tmp": "0",
              "sort_score_add": "0",
              "sort_score_heavy": "0",
              "watch_count": "52",
              "is_top": "87690",
              "sale_id": null,
              "actual_price2": null,
              "new_title": null,
              "type": "Package",
              "global": null,
              "city_code": "570",
              "rule_id": null,
              "sale_price": "111",
              "limit_num": "3",
              "limit_sold_out": "0",
              "deposit_percent": null,
              "pay_all_percent": "0.05",
              "sale_deposit_percent": "2.700000",
              "sale_pay_all_percent": "0.00",
              "is_lvpai": "0",
              "deleted": "0",
              "version": "1",
              "earnest_money": "300.00",
              "order_gift": "豆腐干华东师范",
              "pay_all_gift": "0",
              "detail_photos": [
                {
                  "img": "http://qnm.hunliji.com/o_1b5h5s1vf1erin7q11no2ahgpb1f.jpg",
                  "width": "1000",
                  "height": "667"
                },
                {
                  "img": "http://qnm.hunliji.com/o_1b5h5sc49ljni3q1du1sh3bib1k.jpg",
                  "width": "1920",
                  "height": "1200"
                },
                {
                  "img": "http://qnm.hunliji.com/o_1b5h5secv13d76f019n119tubii1p.jpg",
                  "width": "1000",
                  "height": "667"
                }
              ],
              "hot_tag": "0",
              "pending_id": "399",
              "relate_set_meal_id": null,
              "case_head_img": null,
              "jewelry_type": "1",
              "is_installment": true,
              "second_category_id": "0",
              "show_price": 888,
              "is_introduced": 0
            }
          },
          {
            "entity_type": "SetMeal",
            "entity": {
              "collectors_count": "1",
              "sales_count": "0",
              "base_price": "0.00",
              "id": "88691",
              "title": "套餐原价非必填项豆腐干的双方各豆腐干苏打粉第三份",
              "sub_title": null,
              "cover_path": "http://qnm.hunliji.com/o_1b5h5r14i1tfr2eh1g3gnsu1t45r.jpg",
              "vertical_image": null,
              "describe": "发给红烧豆腐华东师范",
              "created_at": "2017-01-03 11:27:57",
              "updated_at": "2018-06-06 16:08:17",
              "purchase_notes": null,
              "status": "0",
              "commodity_type": "0",
              "phone_num": null,
              "merchant_id": "328428",
              "original_cover_path": null,
              "comments_count": "0",
              "weight": "0",
              "reason": "套餐标题少于8个字，建议修改标题重新提交",
              "actual_price": "888.00",
              "market_price": "0.00",
              "special_choice": null,
              "property_id": "2",
              "allow_earnest": "1",
              "cheaper_if_all_in": "1",
              "is_sold_out": false,
              "rating": "3",
              "quality_rating": "2",
              "published_time": "2017-01-03 14:03:05",
              "pop": "0",
              "score": "0",
              "sort_score": "0.0000000000",
              "sort_score_new_one_none": "0",
              "sort_score_tmp": "0",
              "sort_score_add": "0",
              "sort_score_heavy": "0",
              "watch_count": "52",
              "is_top": "87690",
              "sale_id": null,
              "actual_price2": null,
              "new_title": null,
              "type": "Package",
              "global": null,
              "city_code": "570",
              "rule_id": null,
              "sale_price": "111",
              "limit_num": "3",
              "limit_sold_out": "0",
              "deposit_percent": null,
              "pay_all_percent": "0.05",
              "sale_deposit_percent": "2.700000",
              "sale_pay_all_percent": "0.00",
              "is_lvpai": "0",
              "deleted": "0",
              "version": "1",
              "earnest_money": "300.00",
              "order_gift": "豆腐干华东师范",
              "pay_all_gift": "0",
              "detail_photos": [
                {
                  "img": "http://qnm.hunliji.com/o_1b5h5s1vf1erin7q11no2ahgpb1f.jpg",
                  "width": "1000",
                  "height": "667"
                },
                {
                  "img": "http://qnm.hunliji.com/o_1b5h5sc49ljni3q1du1sh3bib1k.jpg",
                  "width": "1920",
                  "height": "1200"
                },
                {
                  "img": "http://qnm.hunliji.com/o_1b5h5secv13d76f019n119tubii1p.jpg",
                  "width": "1000",
                  "height": "667"
                }
              ],
              "hot_tag": "0",
              "pending_id": "399",
              "relate_set_meal_id": null,
              "case_head_img": null,
              "jewelry_type": "1",
              "is_installment": true,
              "second_category_id": "0",
              "show_price": 888,
              "is_introduced": 0
            }
          }
        ]
      },
      {
        "id": "57",
        "type": "3",
        "title": "直播下红包雨许海峰个法规和规范化豆腐干东方红豆腐",
        "image_path": "http://qnm.hunliji.com/o_1c0npjp6s1e50bcqhojg4ebjcu.jpg",
        "video_path": "http://221.228.226.23/11/t/j/v/b/tjvbwspwhqdmgouolposcsfafpedmb/sh.yinyuetai.com/691201536EE4912BF7E4F1E2C67B8119.mp4",
        "preview_path": "",
        "start_time": "2017-11-14 11:47:59",
        "end_time": "2022-01-03 10:14:58",
        "status": "1",
        "status_cn": "正在直播",
        "watch_count": 4453,
        "anchor": {
          "id": "35732",
          "nick": "仪尚嘉礼婚庆礼仪",
          "name": null,
          "avatar": "http://marry.qiniudn.com/FrpZfYr3xjxaCaOZCPZCqHpPD9lh",
          "default_avatar": "http://qnm.hunliji.com/o_1a1j0dkfv1lngmapeue7opgphi.png"
        },
        "relates": [
          {
            "entity_type": "ShopProduct",
            "entity": {
              "collectors_count": "1",
              "sales_count": "0",
              "base_price": "0.00",
              "id": "88691",
              "title": "套餐原价非必填项豆腐干的双方各豆腐干苏打粉第三份",
              "sub_title": null,
              "cover_path": "http://qnm.hunliji.com/o_1b5h5r14i1tfr2eh1g3gnsu1t45r.jpg",
              "vertical_image": null,
              "describe": "发给红烧豆腐华东师范",
              "created_at": "2017-01-03 11:27:57",
              "updated_at": "2018-06-06 16:08:17",
              "purchase_notes": null,
              "status": "0",
              "commodity_type": "0",
              "phone_num": null,
              "merchant_id": "328428",
              "original_cover_path": null,
              "comments_count": "0",
              "weight": "0",
              "reason": "套餐标题少于8个字，建议修改标题重新提交",
              "actual_price": "888.00",
              "market_price": "0.00",
              "special_choice": null,
              "property_id": "2",
              "allow_earnest": "1",
              "cheaper_if_all_in": "1",
              "is_sold_out": false,
              "rating": "3",
              "quality_rating": "2",
              "published_time": "2017-01-03 14:03:05",
              "pop": "0",
              "score": "0",
              "sort_score": "0.0000000000",
              "sort_score_new_one_none": "0",
              "sort_score_tmp": "0",
              "sort_score_add": "0",
              "sort_score_heavy": "0",
              "watch_count": "52",
              "is_top": "87690",
              "sale_id": null,
              "actual_price2": null,
              "new_title": null,
              "type": "Package",
              "global": null,
              "city_code": "570",
              "rule_id": null,
              "sale_price": "111",
              "limit_num": "3",
              "limit_sold_out": "0",
              "deposit_percent": null,
              "pay_all_percent": "0.05",
              "sale_deposit_percent": "2.700000",
              "sale_pay_all_percent": "0.00",
              "is_lvpai": "0",
              "deleted": "0",
              "version": "1",
              "earnest_money": "300.00",
              "order_gift": "豆腐干华东师范",
              "pay_all_gift": "0",
              "detail_photos": [
                {
                  "img": "http://qnm.hunliji.com/o_1b5h5s1vf1erin7q11no2ahgpb1f.jpg",
                  "width": "1000",
                  "height": "667"
                },
                {
                  "img": "http://qnm.hunliji.com/o_1b5h5sc49ljni3q1du1sh3bib1k.jpg",
                  "width": "1920",
                  "height": "1200"
                },
                {
                  "img": "http://qnm.hunliji.com/o_1b5h5secv13d76f019n119tubii1p.jpg",
                  "width": "1000",
                  "height": "667"
                }
              ],
              "hot_tag": "0",
              "pending_id": "399",
              "relate_set_meal_id": null,
              "case_head_img": null,
              "jewelry_type": "1",
              "is_installment": true,
              "second_category_id": "0",
              "show_price": 888,
              "is_introduced": 0
            }
          },
          {
            "entity_type": "SetMeal",
            "entity": {
              "collectors_count": "1",
              "sales_count": "0",
              "base_price": "0.00",
              "id": "88691",
              "title": "套餐原价非必填项豆腐干的双方各豆腐干苏打粉第三份",
              "sub_title": null,
              "cover_path": "http://qnm.hunliji.com/o_1b5h5r14i1tfr2eh1g3gnsu1t45r.jpg",
              "vertical_image": null,
              "describe": "发给红烧豆腐华东师范",
              "created_at": "2017-01-03 11:27:57",
              "updated_at": "2018-06-06 16:08:17",
              "purchase_notes": null,
              "status": "0",
              "commodity_type": "0",
              "phone_num": null,
              "merchant_id": "328428",
              "original_cover_path": null,
              "comments_count": "0",
              "weight": "0",
              "reason": "套餐标题少于8个字，建议修改标题重新提交",
              "actual_price": "888.00",
              "market_price": "0.00",
              "special_choice": null,
              "property_id": "2",
              "allow_earnest": "1",
              "cheaper_if_all_in": "1",
              "is_sold_out": false,
              "rating": "3",
              "quality_rating": "2",
              "published_time": "2017-01-03 14:03:05",
              "pop": "0",
              "score": "0",
              "sort_score": "0.0000000000",
              "sort_score_new_one_none": "0",
              "sort_score_tmp": "0",
              "sort_score_add": "0",
              "sort_score_heavy": "0",
              "watch_count": "52",
              "is_top": "87690",
              "sale_id": null,
              "actual_price2": null,
              "new_title": null,
              "type": "Package",
              "global": null,
              "city_code": "570",
              "rule_id": null,
              "sale_price": "111",
              "limit_num": "3",
              "limit_sold_out": "0",
              "deposit_percent": null,
              "pay_all_percent": "0.05",
              "sale_deposit_percent": "2.700000",
              "sale_pay_all_percent": "0.00",
              "is_lvpai": "0",
              "deleted": "0",
              "version": "1",
              "earnest_money": "300.00",
              "order_gift": "豆腐干华东师范",
              "pay_all_gift": "0",
              "detail_photos": [
                {
                  "img": "http://qnm.hunliji.com/o_1b5h5s1vf1erin7q11no2ahgpb1f.jpg",
                  "width": "1000",
                  "height": "667"
                },
                {
                  "img": "http://qnm.hunliji.com/o_1b5h5sc49ljni3q1du1sh3bib1k.jpg",
                  "width": "1920",
                  "height": "1200"
                },
                {
                  "img": "http://qnm.hunliji.com/o_1b5h5secv13d76f019n119tubii1p.jpg",
                  "width": "1000",
                  "height": "667"
                }
              ],
              "hot_tag": "0",
              "pending_id": "399",
              "relate_set_meal_id": null,
              "case_head_img": null,
              "jewelry_type": "1",
              "is_installment": true,
              "second_category_id": "0",
              "show_price": 888,
              "is_introduced": 0
            }
          }
        ]
      },
      {
        "id": "57",
        "type": "3",
        "title": "直播下红包雨许海峰个法规和规范化豆腐干东方红豆腐",
        "image_path": "http://qnm.hunliji.com/o_1c0npjp6s1e50bcqhojg4ebjcu.jpg",
        "video_path": "http://221.228.226.23/11/t/j/v/b/tjvbwspwhqdmgouolposcsfafpedmb/sh.yinyuetai.com/691201536EE4912BF7E4F1E2C67B8119.mp4",
        "preview_path": "",
        "start_time": "2018-11-8 11:47:59",
        "end_time": "2022-01-03 10:14:58",
        "status": "2",
        "status_cn": "预热中",
        "watch_count": 4453,
        "anchor": {
          "id": "35732",
          "nick": "仪尚嘉礼婚庆礼仪",
          "name": null,
          "avatar": "http://marry.qiniudn.com/FrpZfYr3xjxaCaOZCPZCqHpPD9lh",
          "default_avatar": "http://qnm.hunliji.com/o_1a1j0dkfv1lngmapeue7opgphi.png"
        },
        "relates": [
          {
            "entity_type": "ShopProduct",
            "entity": {
              "collectors_count": "1",
              "sales_count": "0",
              "base_price": "0.00",
              "id": "88691",
              "title": "套餐原价非必填项豆腐干的双方各豆腐干苏打粉第三份",
              "sub_title": null,
              "cover_path": "http://qnm.hunliji.com/o_1b5h5r14i1tfr2eh1g3gnsu1t45r.jpg",
              "vertical_image": null,
              "describe": "发给红烧豆腐华东师范",
              "created_at": "2017-01-03 11:27:57",
              "updated_at": "2018-06-06 16:08:17",
              "purchase_notes": null,
              "status": "0",
              "commodity_type": "0",
              "phone_num": null,
              "merchant_id": "328428",
              "original_cover_path": null,
              "comments_count": "0",
              "weight": "0",
              "reason": "套餐标题少于8个字，建议修改标题重新提交",
              "actual_price": "888.00",
              "market_price": "0.00",
              "special_choice": null,
              "property_id": "2",
              "allow_earnest": "1",
              "cheaper_if_all_in": "1",
              "is_sold_out": false,
              "rating": "3",
              "quality_rating": "2",
              "published_time": "2017-01-03 14:03:05",
              "pop": "0",
              "score": "0",
              "sort_score": "0.0000000000",
              "sort_score_new_one_none": "0",
              "sort_score_tmp": "0",
              "sort_score_add": "0",
              "sort_score_heavy": "0",
              "watch_count": "52",
              "is_top": "87690",
              "sale_id": null,
              "actual_price2": null,
              "new_title": null,
              "type": "Package",
              "global": null,
              "city_code": "570",
              "rule_id": null,
              "sale_price": "111",
              "limit_num": "3",
              "limit_sold_out": "0",
              "deposit_percent": null,
              "pay_all_percent": "0.05",
              "sale_deposit_percent": "2.700000",
              "sale_pay_all_percent": "0.00",
              "is_lvpai": "0",
              "deleted": "0",
              "version": "1",
              "earnest_money": "300.00",
              "order_gift": "豆腐干华东师范",
              "pay_all_gift": "0",
              "detail_photos": [
                {
                  "img": "http://qnm.hunliji.com/o_1b5h5s1vf1erin7q11no2ahgpb1f.jpg",
                  "width": "1000",
                  "height": "667"
                },
                {
                  "img": "http://qnm.hunliji.com/o_1b5h5sc49ljni3q1du1sh3bib1k.jpg",
                  "width": "1920",
                  "height": "1200"
                },
                {
                  "img": "http://qnm.hunliji.com/o_1b5h5secv13d76f019n119tubii1p.jpg",
                  "width": "1000",
                  "height": "667"
                }
              ],
              "hot_tag": "0",
              "pending_id": "399",
              "relate_set_meal_id": null,
              "case_head_img": null,
              "jewelry_type": "1",
              "is_installment": true,
              "second_category_id": "0",
              "show_price": 888,
              "is_introduced": 0
            }
          },
          {
            "entity_type": "SetMeal",
            "entity": {
              "collectors_count": "1",
              "sales_count": "0",
              "base_price": "0.00",
              "id": "88691",
              "title": "套餐原价非必填项豆腐干的双方各豆腐干苏打粉第三份",
              "sub_title": null,
              "cover_path": "http://qnm.hunliji.com/o_1b5h5r14i1tfr2eh1g3gnsu1t45r.jpg",
              "vertical_image": null,
              "describe": "发给红烧豆腐华东师范",
              "created_at": "2017-01-03 11:27:57",
              "updated_at": "2018-06-06 16:08:17",
              "purchase_notes": null,
              "status": "0",
              "commodity_type": "0",
              "phone_num": null,
              "merchant_id": "328428",
              "original_cover_path": null,
              "comments_count": "0",
              "weight": "0",
              "reason": "套餐标题少于8个字，建议修改标题重新提交",
              "actual_price": "888.00",
              "market_price": "0.00",
              "special_choice": null,
              "property_id": "2",
              "allow_earnest": "1",
              "cheaper_if_all_in": "1",
              "is_sold_out": false,
              "rating": "3",
              "quality_rating": "2",
              "published_time": "2017-01-03 14:03:05",
              "pop": "0",
              "score": "0",
              "sort_score": "0.0000000000",
              "sort_score_new_one_none": "0",
              "sort_score_tmp": "0",
              "sort_score_add": "0",
              "sort_score_heavy": "0",
              "watch_count": "52",
              "is_top": "87690",
              "sale_id": null,
              "actual_price2": null,
              "new_title": null,
              "type": "Package",
              "global": null,
              "city_code": "570",
              "rule_id": null,
              "sale_price": "111",
              "limit_num": "3",
              "limit_sold_out": "0",
              "deposit_percent": null,
              "pay_all_percent": "0.05",
              "sale_deposit_percent": "2.700000",
              "sale_pay_all_percent": "0.00",
              "is_lvpai": "0",
              "deleted": "0",
              "version": "1",
              "earnest_money": "300.00",
              "order_gift": "豆腐干华东师范",
              "pay_all_gift": "0",
              "detail_photos": [
                {
                  "img": "http://qnm.hunliji.com/o_1b5h5s1vf1erin7q11no2ahgpb1f.jpg",
                  "width": "1000",
                  "height": "667"
                },
                {
                  "img": "http://qnm.hunliji.com/o_1b5h5sc49ljni3q1du1sh3bib1k.jpg",
                  "width": "1920",
                  "height": "1200"
                },
                {
                  "img": "http://qnm.hunliji.com/o_1b5h5secv13d76f019n119tubii1p.jpg",
                  "width": "1000",
                  "height": "667"
                }
              ],
              "hot_tag": "0",
              "pending_id": "399",
              "relate_set_meal_id": null,
              "case_head_img": null,
              "jewelry_type": "1",
              "is_installment": true,
              "second_category_id": "0",
              "show_price": 888,
              "is_introduced": 0
            }
          }
        ]
      }
    ],
    "total_count": "1",
    "page_count": 1,
    "max_channel_id": "77"
  },
  "current_time": 1528541029
}