﻿{
  "mouldId": 0,
  "movieId": 0,
  "music": "7obBr",
  "scenes": [
    {
      "gifImage": "http://img.soogif.com/8bjmFlsqqQvvMV8E9qQ5GczJKgxzPa2K.gif",
      "image":"https://qnm.hunliji.com/o_1ci9h5h8g1t0stpvf1jr6qabk65.jpg",
      "completionCount": "5",
      "allCount": "10",
      "elements": [
        {
          "code": "string",
          "wordSize": "3",
          "limHeight": "1000",
          "limWidth": "50",
          "content": "https://qnm.hunliji.com/o_1ci9h5h8g1t0stpvf1jr6qabk65.jpg",
          "elementType": "1"
        },
        {
          "code": "string",
          "wordSize": "4",
          "limHeight": "800",
          "limWidth": "800",
          "content": "string",
          "elementType": "2"
        },
        {
          "code": "string",
          "wordSize": "3",
          "limHeight": "1000",
          "limWidth": "50",
          "content": "https://qnm.hunliji.com/o_1ci9h5h8g1t0stpvf1jr6qabk65.jpg",
          "elementType": "1"
        },
        {
          "code": "string",
          "wordSize": "4",
          "limHeight": "1000",
          "limWidth": "50",
          "content": "https://qnm.hunliji.com/o_1ci9h5h8g1t0stpvf1jr6qabk65.jpg",
          "elementType": "2"
        }
      ],
      "sceneId": "115154541"
    },
    {
      "gifImage": "http://img.soogif.com/doCicCa5bM90P0kZHLIFMc0yaKejwuQx.gif",
      "image":"https://qnm.hunliji.com/o_1ci9h5h8g1t0stpvf1jr6qabk65.jpg",
      "completionCount": "5",
      "allCount": "10",
      "elements": [
        {
          "code": "string",
          "wordSize": "string",
          "limHeight": "600",
          "limWidth": "700",
          "content": "https://qnm.hunliji.com/o_1ci9h5h8g1t0stpvf1jr6qabk65.jpg",
          "elementType": "1"
        },
        {
          "code": "string",
          "wordSize": "string",
          "limHeight": "700",
          "limWidth": "50",
          "content": "https://qnm.hunliji.com/o_1ci9h5h8g1t0stpvf1jr6qabk65.jpg",
          "elementType": "1"
        }
      ],
      "sceneId": "151215151"
    },
    {
      "gifImage": "http://img.soogif.com/3Sga1KxjCHL6slyPFxmZ61umtwpPf1JJ.gif",
      "image":"https://qnm.hunliji.com/o_1ci9h5h8g1t0stpvf1jr6qabk65.jpg",
      "completionCount": "5",
      "allCount": "10",
      "elements": [
        {
          "code": "string",
          "wordSize": "string",
          "limHeight": "10",
          "limWidth": "1000",
          "content": "https://qnm.hunliji.com/o_1ci9h5h8g1t0stpvf1jr6qabk65.jpg",
          "elementType": "1"
        },
        {
          "code": "string",
          "wordSize": "3",
          "limHeight": "100",
          "limWidth": "20",
          "content": "https://qnm.hunliji.com/o_1ci9h5h8g1t0stpvf1jr6qabk65.jpg",
          "elementType": "2"
        }
      ],
      "sceneId": "1515151215"
    },
    {
      "gifImage": "http://img.soogif.com/BmuorRVN6LfM8zBuxkE4mokLKXMNK7AN.gif",
      "image":"https://qnm.hunliji.com/o_1ci9h5h8g1t0stpvf1jr6qabk65.jpg",
      "completionCount": "5",
      "allCount": "10",
      "elements": [
        {
          "code": "string",
          "wordSize": "string",
          "limHeight": "500",
          "limWidth": "500",
          "content": "https://qnm.hunliji.com/o_1ci9h5h8g1t0stpvf1jr6qabk65.jpg",
          "elementType": "1"
        },
        {
          "code": "string",
          "wordSize": "4",
          "limHeight": "680",
          "limWidth": "180",
          "content": "https://qnm.hunliji.com/o_1ci9h5h8g1t0stpvf1jr6qabk65.jpg",
          "elementType": "2"
        }
      ],
      "sceneId": "151515151"
    },
    {
      "gifImage": "http://img.soogif.com/5yuKpUhxwHa5P64tTNx7v7nYOYaB5s2H.gif",
      "image":"https://qnm.hunliji.com/o_1ci9h5h8g1t0stpvf1jr6qabk65.jpg",
      "completionCount": "5",
      "allCount": "10",
      "elements": [
        {
          "code": "string",
          "wordSize": "string",
          "limHeight": "50",
          "limWidth": "70",
          "content": "https://qnm.hunliji.com/o_1ci9h5h8g1t0stpvf1jr6qabk65.jpg",
          "elementType": "1"
        },
        {
          "code": "string",
          "wordSize": "5",
          "limHeight": "850",
          "limWidth": "250",
          "content": "https://qnm.hunliji.com/o_1ci9h5h8g1t0stpvf1jr6qabk65.jpg",
          "elementType": "2"
        }
      ],
      "sceneId": "515151515"
    },
    {
      "gifImage": "http://img.soogif.com/fZai2Qe7G71nKzOVLITBSMKLtJvOnknI.gif",
      "image":"https://qnm.hunliji.com/o_1ci9h5h8g1t0stpvf1jr6qabk65.jpg",
      "completionCount": "5",
      "allCount": "10",
      "elements": [
        {
          "code": "string",
          "wordSize": "string",
          "limHeight": "700",
          "limWidth": "200",
          "content": "https://qnm.hunliji.com/o_1ci9h5h8g1t0stpvf1jr6qabk65.jpg",
          "elementType": "1"
        },
        {
          "code": "string",
          "wordSize": "10",
          "limHeight": "555",
          "limWidth": "433",
          "content": "https://qnm.hunliji.com/o_1ci9h5h8g1t0stpvf1jr6qabk65.jpg",
          "elementType": "2"
        }
      ],
      "sceneId": "15121512"
    },
    {
      "gifImage": "http://img.soogif.com/5HwMTtFAKqzAWJWbEJNKanhrPBTbU8lJ.gif",
      "image":"https://qnm.hunliji.com/o_1ci9h5h8g1t0stpvf1jr6qabk65.jpg",
      "completionCount": "5",
      "allCount": "10",
      "elements": [
        {
          "code": "string",
          "wordSize": "string",
          "limHeight": "320",
          "limWidth": "115",
          "content": "https://qnm.hunliji.com/o_1ci9h5h8g1t0stpvf1jr6qabk65.jpg",
          "elementType": "1"
        },
        {
          "code": "string",
          "wordSize": "string",
          "limHeight": "650",
          "limWidth": "50",
          "content": "https://qnm.hunliji.com/o_1ci9h5h8g1t0stpvf1jr6qabk65.jpg",
          "elementType": "1"
        }
      ],
      "sceneId": "151515"
    }
  ]
}