{
  "merchant_bottom_red_style": {
    "views": [
      {
        "views": [
          {
            "views": [
              {
                "views": [],
                "properties": [
                  {
                    "value": "img_chat",
                    "type": "ref",
                    "name": "id"
                  },
                  {
                    "value": "wrap_content",
                    "type": "dimen",
                    "name": "layout_width"
                  },
                  {
                    "value": "20dp",
                    "type": "dimen",
                    "name": "layout_height"
                  },
                  {
                    "value": "center_Inside",
                    "type": "string",
                    "name": "scaleType"
                  },
                  {
                    "value": "https://qnm.hunliji.com/o_1cn4f3kk3s9qnset4maq41uot9.gif",
                    "type": "glide",
                    "name": "src"
                  }
                ],
                "widget": "ImageView"
              },
              {
                "views": [],
                "properties": [
                  {
                    "value": "wrap_content",
                    "type": "dimen",
                    "name": "layout_width"
                  },
                  {
                    "value": "wrap_content",
                    "type": "dimen",
                    "name": "layout_height"
                  },
                  {
                    "value": "2dp",
                    "type": "dimen",
                    "name": "layout_marginBottom"
                  },
                  {
                    "value": "4dp",
                    "type": "dimen",
                    "name": "layout_marginTop"
                  },
                  {
                    "value": "center",
                    "type": "string",
                    "name": "gravity"
                  },
                  {
                    "value": "false",
                    "type": "BOOLEAN",
                    "name": "includeFontPadding"
                  },
                  {
                    "value": "私信",
                    "type": "string",
                    "name": "text"
                  },
                  {
                    "value": "#f83244",
                    "type": "color",
                    "name": "textColor"
                  },
                  {
                    "value": "10sp",
                    "type": "dimen",
                    "name": "textSize"
                  }
                ],
                "widget": "TextView"
              }
            ],
            "properties": [
              {
                "value": "layout_chat",
                "type": "ref",
                "name": "id"
              },
              {
                "value": "55dp",
                "type": "dimen",
                "name": "layout_width"
              },
              {
                "value": "match_parent",
                "type": "dimen",
                "name": "layout_height"
              },
              {
                "value": "center_horizontal|bottom",
                "type": "string",
                "name": "gravity"
              },
              {
                "value": "vertical",
                "type": "string",
                "name": "orientation"
              },
              {
                "value": "3dp",
                "type": "dimen",
                "name": "paddingBottom"
              },
              {
                "value": {
                  "is_need_login": true,
                  "json_path": "$.chat.dynamic_action",
                  "type": "action_click"
                },
                "type": "json",
                "name": "action"
              },
              {
                "value": {
                  "json_path": "$.chat.dynamic_track",
                  "type": "action_tracker"
                },
                "type": "json",
                "name": "action"
              }
            ],
            "widget": "LinearLayout"
          },
          {
            "views": [
              {
                "views": [],
                "properties": [
                  {
                    "value": "wrap_content",
                    "type": "dimen",
                    "name": "layout_width"
                  },
                  {
                    "value": "20dp",
                    "type": "dimen",
                    "name": "layout_height"
                  },
                  {
                    "value": "center_Inside",
                    "type": "string",
                    "name": "scaleType"
                  },
                  {
                    "value": "https://qnm.hunliji.com/o_1cn5p9uje1ko83oo1ej61ep8juu9.png",
                    "type": "glide",
                    "name": "src"
                  }
                ],
                "widget": "ImageView"
              },
              {
                "views": [],
                "properties": [
                  {
                    "value": "wrap_content",
                    "type": "dimen",
                    "name": "layout_width"
                  },
                  {
                    "value": "wrap_content",
                    "type": "dimen",
                    "name": "layout_height"
                  },
                  {
                    "value": "2dp",
                    "type": "dimen",
                    "name": "layout_marginBottom"
                  },
                  {
                    "value": "5dp",
                    "type": "dimen",
                    "name": "layout_marginTop"
                  },
                  {
                    "value": "center",
                    "type": "string",
                    "name": "gravity"
                  },
                  {
                    "value": "false",
                    "type": "BOOLEAN",
                    "name": "includeFontPadding"
                  },
                  {
                    "value": "电话",
                    "type": "string",
                    "name": "text"
                  },
                  {
                    "value": "#f83244",
                    "type": "color",
                    "name": "textColor"
                  },
                  {
                    "value": "10sp",
                    "type": "dimen",
                    "name": "textSize"
                  }
                ],
                "widget": "TextView"
              }
            ],
            "properties": [
              {
                "value": "layout_call",
                "type": "ref",
                "name": "id"
              },
              {
                "value": "55dp",
                "type": "dimen",
                "name": "layout_width"
              },
              {
                "value": "match_parent",
                "type": "dimen",
                "name": "layout_height"
              },
              {
                "value": "center_horizontal|bottom",
                "type": "string",
                "name": "gravity"
              },
              {
                "value": "vertical",
                "type": "string",
                "name": "orientation"
              },
              {
                "value": "3dp",
                "type": "dimen",
                "name": "paddingBottom"
              },
              {
                "value": {
                  "json_path": "$.phone.dynamic_action",
                  "type": "action_click"
                },
                "type": "json",
                "name": "action"
              },
              {
                "value": {
                  "json_path": "$.phone.dynamic_track",
                  "type": "action_tracker"
                },
                "type": "json",
                "name": "action"
              }
            ],
            "widget": "LinearLayout"
          },
          {
            "views": [
              {
                "views": [],
                "properties": [
                  {
                    "value": "wrap_content",
                    "type": "dimen",
                    "name": "layout_width"
                  },
                  {
                    "value": "20dp",
                    "type": "dimen",
                    "name": "layout_height"
                  },
                  {
                    "value": "center_Inside",
                    "type": "string",
                    "name": "scaleType"
                  },
                  {
                    "value": "https://qnm.hunliji.com/o_1cn5pbmhtcf591b1afn1brb1eub1c.png",
                    "type": "glide",
                    "name": "src"
                  }
                ],
                "widget": "ImageView"
              },
              {
                "views": [],
                "properties": [
                  {
                    "value": "wrap_content",
                    "type": "dimen",
                    "name": "layout_width"
                  },
                  {
                    "value": "wrap_content",
                    "type": "dimen",
                    "name": "layout_height"
                  },
                  {
                    "value": "2dp",
                    "type": "dimen",
                    "name": "layout_marginBottom"
                  },
                  {
                    "value": "5dp",
                    "type": "dimen",
                    "name": "layout_marginTop"
                  },
                  {
                    "value": "center",
                    "type": "string",
                    "name": "gravity"
                  },
                  {
                    "value": "false",
                    "type": "BOOLEAN",
                    "name": "includeFontPadding"
                  },
                  {
                    "value": "评价",
                    "type": "string",
                    "name": "text"
                  },
                  {
                    "value": "#f83244",
                    "type": "color",
                    "name": "textColor"
                  },
                  {
                    "value": "10sp",
                    "type": "dimen",
                    "name": "textSize"
                  }
                ],
                "widget": "TextView"
              }
            ],
            "properties": [
              {
                "value": "comment_layout",
                "type": "ref",
                "name": "id"
              },
              {
                "value": "55dp",
                "type": "dimen",
                "name": "layout_width"
              },
              {
                "value": "match_parent",
                "type": "dimen",
                "name": "layout_height"
              },
              {
                "value": "center_horizontal|bottom",
                "type": "string",
                "name": "gravity"
              },
              {
                "value": "vertical",
                "type": "string",
                "name": "orientation"
              },
              {
                "value": "3dp",
                "type": "dimen",
                "name": "paddingBottom"
              },
              {
                "value": {
                  "is_need_login": true,
                  "json_path": "$.comment.dynamic_action",
                  "type": "action_click",
                  "js": "function getToastText(jsonStr){ var json = JSON.parse(jsonStr);return json.comment.user_commented > 0?'您已经评论过该商家了哦，去评价一下其他你了解的商家吧':''; }",
                  "functionName": "getToastText",
                  "operate": "json_to_parse"
                },
                "type": "json",
                "name": "action"
              },
              {
                "value": {
                  "json_path": "$.comment.dynamic_track",
                  "type": "action_tracker"
                },
                "type": "json",
                "name": "action"
              }
            ],
            "widget": "LinearLayout"
          }
        ],
        "properties": [
          {
            "value": "button_layout",
            "type": "ref",
            "name": "id"
          },
          {
            "value": "wrap_content",
            "type": "dimen",
            "name": "layout_width"
          },
          {
            "value": "match_parent",
            "type": "dimen",
            "name": "layout_height"
          },
          {
            "value": "#ffffff",
            "type": "color",
            "name": "background"
          },
          {
            "value": "10dp",
            "type": "dimen",
            "name": "paddingLeft"
          },
          {
            "value": "10dp",
            "type": "dimen",
            "name": "paddingRight"
          }
        ],
        "widget": "LinearLayout"
      },
      {
        "views": [],
        "properties": [
          {
            "value": "match_parent",
            "type": "dimen",
            "name": "layout_width"
          },
          {
            "value": "0.5dp",
            "type": "dimen",
            "name": "layout_height"
          },
          {
            "value": "#e2e2e2",
            "type": "color",
            "name": "background"
          }
        ],
        "widget": "android.view.View"
      },
      {
        "views": [],
        "properties": [
          {
            "value": "match_parent",
            "type": "dimen",
            "name": "layout_width"
          },
          {
            "value": "match_parent",
            "type": "dimen",
            "name": "layout_height"
          },
          {
            "value": "button_layout",
            "type": "ref",
            "name": "layout_toRightOf"
          },
          {
            "value": "#f83244",
            "type": "color",
            "name": "background"
          },
          {
            "value": "center",
            "type": "string",
            "name": "gravity"
          },
          {
            "value": {
              "js": "function getText(jsonStr){ var json = JSON.parse(jsonStr);return json.make_appointment.free_trial_yarn > 0?'免费预约试纱':'预约商家'; }",
              "functionName": "getText",
              "operate": "json_to_parse",
              "type": "action_text"
            },
            "type": "json",
            "name": "action"
          },
          {
            "value": "#ffffff",
            "type": "color",
            "name": "textColor"
          },
          {
            "value": "16sp",
            "type": "dimen",
            "name": "textSize"
          },
          {
            "value": {
              "is_need_login": true,
              "json_path": "$.make_appointment.dynamic_action",
              "type": "action_click"
            },
            "type": "json",
            "name": "action"
          },
          {
            "value": {
              "json_path": "$.make_appointment.dynamic_track",
              "type": "action_tracker"
            },
            "type": "json",
            "name": "action"
          }
        ],
        "widget": "TextView"
      }
    ],
    "properties": [
      {
        "value": "match_parent",
        "type": "dimen",
        "name": "layout_width"
      },
      {
        "value": "50dp",
        "type": "dimen",
        "name": "layout_height"
      },
      {
        "value": "true",
        "type": "BOOLEAN",
        "name": "layout_alignParentBottom"
      },
      {
        "value": "visibility",
        "type": "string",
        "name": "visibility"
      },
      {
        "value": "#ffffff",
        "type": "color",
        "name": "background"
      }
    ],
    "widget": "RelativeLayout"
  },
  "merchant_bottom_darkgolden_style": {
    "views": [
      {
        "views": [
          {
            "views": [
              {
                "views": [],
                "properties": [
                  {
                    "value": "img_chat",
                    "type": "ref",
                    "name": "id"
                  },
                  {
                    "value": "wrap_content",
                    "type": "dimen",
                    "name": "layout_width"
                  },
                  {
                    "value": "20dp",
                    "type": "dimen",
                    "name": "layout_height"
                  },
                  {
                    "value": "center_Inside",
                    "type": "string",
                    "name": "scaleType"
                  },
                  {
                    "value": "https://qnm.hunliji.com/o_1cn4f7l3hkjeu25tartqadm5e.gif",
                    "type": "glide",
                    "name": "src"
                  }
                ],
                "widget": "ImageView"
              },
              {
                "views": [],
                "properties": [
                  {
                    "value": "wrap_content",
                    "type": "dimen",
                    "name": "layout_width"
                  },
                  {
                    "value": "wrap_content",
                    "type": "dimen",
                    "name": "layout_height"
                  },
                  {
                    "value": "2dp",
                    "type": "dimen",
                    "name": "layout_marginBottom"
                  },
                  {
                    "value": "4dp",
                    "type": "dimen",
                    "name": "layout_marginTop"
                  },
                  {
                    "value": "center",
                    "type": "string",
                    "name": "gravity"
                  },
                  {
                    "value": "false",
                    "type": "BOOLEAN",
                    "name": "includeFontPadding"
                  },
                  {
                    "value": "私信",
                    "type": "string",
                    "name": "text"
                  },
                  {
                    "value": "#d29c44",
                    "type": "color",
                    "name": "textColor"
                  },
                  {
                    "value": "10sp",
                    "type": "dimen",
                    "name": "textSize"
                  }
                ],
                "widget": "TextView"
              }
            ],
            "properties": [
              {
                "value": "layout_chat",
                "type": "ref",
                "name": "id"
              },
              {
                "value": "55dp",
                "type": "dimen",
                "name": "layout_width"
              },
              {
                "value": "match_parent",
                "type": "dimen",
                "name": "layout_height"
              },
              {
                "value": "center_horizontal|bottom",
                "type": "string",
                "name": "gravity"
              },
              {
                "value": "vertical",
                "type": "string",
                "name": "orientation"
              },
              {
                "value": "3dp",
                "type": "dimen",
                "name": "paddingBottom"
              },
              {
                "value": {
                  "is_need_login": true,
                  "json_path": "$.chat.dynamic_action",
                  "type": "action_click"
                },
                "type": "json",
                "name": "action"
              },
              {
                "value": {
                  "json_path": "$.chat.dynamic_track",
                  "type": "action_tracker"
                },
                "type": "json",
                "name": "action"
              }
            ],
            "widget": "LinearLayout"
          },
          {
            "views": [
              {
                "views": [],
                "properties": [
                  {
                    "value": "wrap_content",
                    "type": "dimen",
                    "name": "layout_width"
                  },
                  {
                    "value": "20dp",
                    "type": "dimen",
                    "name": "layout_height"
                  },
                  {
                    "value": "center_Inside",
                    "type": "string",
                    "name": "scaleType"
                  },
                  {
                    "value": "https://qnm.hunliji.com/o_1cn5pasfmm1h10it1bnu1dnn10noe.png",
                    "type": "glide",
                    "name": "src"
                  }
                ],
                "widget": "ImageView"
              },
              {
                "views": [],
                "properties": [
                  {
                    "value": "wrap_content",
                    "type": "dimen",
                    "name": "layout_width"
                  },
                  {
                    "value": "wrap_content",
                    "type": "dimen",
                    "name": "layout_height"
                  },
                  {
                    "value": "2dp",
                    "type": "dimen",
                    "name": "layout_marginBottom"
                  },
                  {
                    "value": "5dp",
                    "type": "dimen",
                    "name": "layout_marginTop"
                  },
                  {
                    "value": "center",
                    "type": "string",
                    "name": "gravity"
                  },
                  {
                    "value": "false",
                    "type": "BOOLEAN",
                    "name": "includeFontPadding"
                  },
                  {
                    "value": "电话",
                    "type": "string",
                    "name": "text"
                  },
                  {
                    "value": "#d29c44",
                    "type": "color",
                    "name": "textColor"
                  },
                  {
                    "value": "10sp",
                    "type": "dimen",
                    "name": "textSize"
                  }
                ],
                "widget": "TextView"
              }
            ],
            "properties": [
              {
                "value": "layout_call",
                "type": "ref",
                "name": "id"
              },
              {
                "value": "55dp",
                "type": "dimen",
                "name": "layout_width"
              },
              {
                "value": "match_parent",
                "type": "dimen",
                "name": "layout_height"
              },
              {
                "value": "center_horizontal|bottom",
                "type": "string",
                "name": "gravity"
              },
              {
                "value": "vertical",
                "type": "string",
                "name": "orientation"
              },
              {
                "value": "3dp",
                "type": "dimen",
                "name": "paddingBottom"
              },
              {
                "value": {
                  "json_path": "$.phone.dynamic_action",
                  "type": "action_click"
                },
                "type": "json",
                "name": "action"
              },
              {
                "value": {
                  "json_path": "$.phone.dynamic_track",
                  "type": "action_tracker"
                },
                "type": "json",
                "name": "action"
              }
            ],
            "widget": "LinearLayout"
          },
          {
            "views": [
              {
                "views": [],
                "properties": [
                  {
                    "value": "wrap_content",
                    "type": "dimen",
                    "name": "layout_width"
                  },
                  {
                    "value": "20dp",
                    "type": "dimen",
                    "name": "layout_height"
                  },
                  {
                    "value": "center_Inside",
                    "type": "string",
                    "name": "scaleType"
                  },
                  {
                    "value": "https://qnm.hunliji.com/o_1cn5peauvfa2jmk1o4l1l2b4o225.png",
                    "type": "glide",
                    "name": "src"
                  }
                ],
                "widget": "ImageView"
              },
              {
                "views": [],
                "properties": [
                  {
                    "value": "wrap_content",
                    "type": "dimen",
                    "name": "layout_width"
                  },
                  {
                    "value": "wrap_content",
                    "type": "dimen",
                    "name": "layout_height"
                  },
                  {
                    "value": "2dp",
                    "type": "dimen",
                    "name": "layout_marginBottom"
                  },
                  {
                    "value": "5dp",
                    "type": "dimen",
                    "name": "layout_marginTop"
                  },
                  {
                    "value": "center",
                    "type": "string",
                    "name": "gravity"
                  },
                  {
                    "value": "false",
                    "type": "BOOLEAN",
                    "name": "includeFontPadding"
                  },
                  {
                    "value": "评价",
                    "type": "string",
                    "name": "text"
                  },
                  {
                    "value": "#d29c44",
                    "type": "color",
                    "name": "textColor"
                  },
                  {
                    "value": "10sp",
                    "type": "dimen",
                    "name": "textSize"
                  }
                ],
                "widget": "TextView"
              }
            ],
            "properties": [
              {
                "value": "comment_layout",
                "type": "ref",
                "name": "id"
              },
              {
                "value": "55dp",
                "type": "dimen",
                "name": "layout_width"
              },
              {
                "value": "match_parent",
                "type": "dimen",
                "name": "layout_height"
              },
              {
                "value": "center_horizontal|bottom",
                "type": "string",
                "name": "gravity"
              },
              {
                "value": "vertical",
                "type": "string",
                "name": "orientation"
              },
              {
                "value": "3dp",
                "type": "dimen",
                "name": "paddingBottom"
              },
              {
                "value": {
                  "is_need_login": true,
                  "json_path": "$.comment.dynamic_action",
                  "type": "action_click",
                  "js": "function getToastText(jsonStr){ var json = JSON.parse(jsonStr);return json.comment.user_commented > 0?'您已经评论过该商家了哦，去评价一下其他你了解的商家吧':''; }",
                  "functionName": "getToastText",
                  "operate": "json_to_parse"
                },
                "type": "json",
                "name": "action"
              },
              {
                "value": {
                  "json_path": "$.comment.dynamic_track",
                  "type": "action_tracker"
                },
                "type": "json",
                "name": "action"
              }
            ],
            "widget": "LinearLayout"
          }
        ],
        "properties": [
          {
            "value": "button_layout",
            "type": "ref",
            "name": "id"
          },
          {
            "value": "wrap_content",
            "type": "dimen",
            "name": "layout_width"
          },
          {
            "value": "match_parent",
            "type": "dimen",
            "name": "layout_height"
          },
          {
            "value": "#242321",
            "type": "color",
            "name": "background"
          },
          {
            "value": "10dp",
            "type": "dimen",
            "name": "paddingLeft"
          },
          {
            "value": "10dp",
            "type": "dimen",
            "name": "paddingRight"
          }
        ],
        "widget": "LinearLayout"
      },
      {
        "views": [],
        "properties": [
          {
            "value": "match_parent",
            "type": "dimen",
            "name": "layout_width"
          },
          {
            "value": "0.5dp",
            "type": "dimen",
            "name": "layout_height"
          },
          {
            "value": "#3e3d3a",
            "type": "color",
            "name": "background"
          }
        ],
        "widget": "android.view.View"
      },
      {
        "views": [],
        "properties": [
          {
            "value": "match_parent",
            "type": "dimen",
            "name": "layout_width"
          },
          {
            "value": "match_parent",
            "type": "dimen",
            "name": "layout_height"
          },
          {
            "value": "button_layout",
            "type": "ref",
            "name": "layout_toRightOf"
          },
          {
            "value": "#d29c44",
            "type": "color",
            "name": "background"
          },
          {
            "value": "center",
            "type": "string",
            "name": "gravity"
          },
          {
            "value": {
              "js": "function getText(jsonStr){ var json = JSON.parse(jsonStr);return json.make_appointment.free_trial_yarn > 0?'免费预约试纱':'预约商家'; }",
              "functionName": "getText",
              "operate": "json_to_parse",
              "type": "action_text"
            },
            "type": "json",
            "name": "action"
          },
          {
            "value": "#242321",
            "type": "color",
            "name": "textColor"
          },
          {
            "value": "16sp",
            "type": "dimen",
            "name": "textSize"
          },
          {
            "value": {
              "is_need_login": true,
              "json_path": "$.make_appointment.dynamic_action",
              "type": "action_click"
            },
            "type": "json",
            "name": "action"
          },
          {
            "value": {
              "json_path": "$.make_appointment.dynamic_track",
              "type": "action_tracker"
            },
            "type": "json",
            "name": "action"
          }
        ],
        "widget": "TextView"
      }
    ],
    "properties": [
      {
        "value": "match_parent",
        "type": "dimen",
        "name": "layout_width"
      },
      {
        "value": "50dp",
        "type": "dimen",
        "name": "layout_height"
      },
      {
        "value": "true",
        "type": "BOOLEAN",
        "name": "layout_alignParentBottom"
      },
      {
        "value": "visibility",
        "type": "string",
        "name": "visibility"
      },
      {
        "value": "#242321",
        "type": "color",
        "name": "background"
      }
    ],
    "widget": "RelativeLayout"
  },
  "merchant_bottom_whitegolden_style": {
    "views": [
      {
        "views": [
          {
            "views": [
              {
                "views": [],
                "properties": [
                  {
                    "value": "img_chat",
                    "type": "ref",
                    "name": "id"
                  },
                  {
                    "value": "wrap_content",
                    "type": "dimen",
                    "name": "layout_width"
                  },
                  {
                    "value": "20dp",
                    "type": "dimen",
                    "name": "layout_height"
                  },
                  {
                    "value": "center_Inside",
                    "type": "string",
                    "name": "scaleType"
                  },
                  {
                    "value": "https://qnm.hunliji.com/o_1cn4f96g114qpat21d33h2pqrdj.gif",
                    "type": "glide",
                    "name": "src"
                  }
                ],
                "widget": "ImageView"
              },
              {
                "views": [],
                "properties": [
                  {
                    "value": "wrap_content",
                    "type": "dimen",
                    "name": "layout_width"
                  },
                  {
                    "value": "wrap_content",
                    "type": "dimen",
                    "name": "layout_height"
                  },
                  {
                    "value": "2dp",
                    "type": "dimen",
                    "name": "layout_marginBottom"
                  },
                  {
                    "value": "4dp",
                    "type": "dimen",
                    "name": "layout_marginTop"
                  },
                  {
                    "value": "center",
                    "type": "string",
                    "name": "gravity"
                  },
                  {
                    "value": "false",
                    "type": "BOOLEAN",
                    "name": "includeFontPadding"
                  },
                  {
                    "value": "私信",
                    "type": "string",
                    "name": "text"
                  },
                  {
                    "value": "#d29c44",
                    "type": "color",
                    "name": "textColor"
                  },
                  {
                    "value": "10sp",
                    "type": "dimen",
                    "name": "textSize"
                  }
                ],
                "widget": "TextView"
              }
            ],
            "properties": [
              {
                "value": "layout_chat",
                "type": "ref",
                "name": "id"
              },
              {
                "value": "55dp",
                "type": "dimen",
                "name": "layout_width"
              },
              {
                "value": "match_parent",
                "type": "dimen",
                "name": "layout_height"
              },
              {
                "value": "center_horizontal|bottom",
                "type": "string",
                "name": "gravity"
              },
              {
                "value": "vertical",
                "type": "string",
                "name": "orientation"
              },
              {
                "value": "3dp",
                "type": "dimen",
                "name": "paddingBottom"
              },
              {
                "value": {
                  "is_need_login": true,
                  "json_path": "$.chat.dynamic_action",
                  "type": "action_click"
                },
                "type": "json",
                "name": "action"
              },
              {
                "value": {
                  "json_path": "$.chat.dynamic_track",
                  "type": "action_tracker"
                },
                "type": "json",
                "name": "action"
              }
            ],
            "widget": "LinearLayout"
          },
          {
            "views": [
              {
                "views": [],
                "properties": [
                  {
                    "value": "wrap_content",
                    "type": "dimen",
                    "name": "layout_width"
                  },
                  {
                    "value": "20dp",
                    "type": "dimen",
                    "name": "layout_height"
                  },
                  {
                    "value": "center_Inside",
                    "type": "string",
                    "name": "scaleType"
                  },
                  {
                    "value": "https://qnm.hunliji.com/o_1cn5pasfmm1h10it1bnu1dnn10noe.png",
                    "type": "glide",
                    "name": "src"
                  }
                ],
                "widget": "ImageView"
              },
              {
                "views": [],
                "properties": [
                  {
                    "value": "wrap_content",
                    "type": "dimen",
                    "name": "layout_width"
                  },
                  {
                    "value": "wrap_content",
                    "type": "dimen",
                    "name": "layout_height"
                  },
                  {
                    "value": "2dp",
                    "type": "dimen",
                    "name": "layout_marginBottom"
                  },
                  {
                    "value": "5dp",
                    "type": "dimen",
                    "name": "layout_marginTop"
                  },
                  {
                    "value": "center",
                    "type": "string",
                    "name": "gravity"
                  },
                  {
                    "value": "false",
                    "type": "BOOLEAN",
                    "name": "includeFontPadding"
                  },
                  {
                    "value": "电话",
                    "type": "string",
                    "name": "text"
                  },
                  {
                    "value": "#d29c44",
                    "type": "color",
                    "name": "textColor"
                  },
                  {
                    "value": "10sp",
                    "type": "dimen",
                    "name": "textSize"
                  }
                ],
                "widget": "TextView"
              }
            ],
            "properties": [
              {
                "value": "layout_call",
                "type": "ref",
                "name": "id"
              },
              {
                "value": "55dp",
                "type": "dimen",
                "name": "layout_width"
              },
              {
                "value": "match_parent",
                "type": "dimen",
                "name": "layout_height"
              },
              {
                "value": "center_horizontal|bottom",
                "type": "string",
                "name": "gravity"
              },
              {
                "value": "vertical",
                "type": "string",
                "name": "orientation"
              },
              {
                "value": "3dp",
                "type": "dimen",
                "name": "paddingBottom"
              },
              {
                "value": {
                  "json_path": "$.phone.dynamic_action",
                  "type": "action_click"
                },
                "type": "json",
                "name": "action"
              },
              {
                "value": {
                  "json_path": "$.phone.dynamic_track",
                  "type": "action_tracker"
                },
                "type": "json",
                "name": "action"
              }
            ],
            "widget": "LinearLayout"
          },
          {
            "views": [
              {
                "views": [],
                "properties": [
                  {
                    "value": "wrap_content",
                    "type": "dimen",
                    "name": "layout_width"
                  },
                  {
                    "value": "20dp",
                    "type": "dimen",
                    "name": "layout_height"
                  },
                  {
                    "value": "center_Inside",
                    "type": "string",
                    "name": "scaleType"
                  },
                  {
                    "value": "https://qnm.hunliji.com/o_1cn5peauvfa2jmk1o4l1l2b4o225.png",
                    "type": "glide",
                    "name": "src"
                  }
                ],
                "widget": "ImageView"
              },
              {
                "views": [],
                "properties": [
                  {
                    "value": "wrap_content",
                    "type": "dimen",
                    "name": "layout_width"
                  },
                  {
                    "value": "wrap_content",
                    "type": "dimen",
                    "name": "layout_height"
                  },
                  {
                    "value": "2dp",
                    "type": "dimen",
                    "name": "layout_marginBottom"
                  },
                  {
                    "value": "5dp",
                    "type": "dimen",
                    "name": "layout_marginTop"
                  },
                  {
                    "value": "center",
                    "type": "string",
                    "name": "gravity"
                  },
                  {
                    "value": "false",
                    "type": "BOOLEAN",
                    "name": "includeFontPadding"
                  },
                  {
                    "value": "评价",
                    "type": "string",
                    "name": "text"
                  },
                  {
                    "value": "#d29c44",
                    "type": "color",
                    "name": "textColor"
                  },
                  {
                    "value": "10sp",
                    "type": "dimen",
                    "name": "textSize"
                  }
                ],
                "widget": "TextView"
              }
            ],
            "properties": [
              {
                "value": "comment_layout",
                "type": "ref",
                "name": "id"
              },
              {
                "value": "55dp",
                "type": "dimen",
                "name": "layout_width"
              },
              {
                "value": "match_parent",
                "type": "dimen",
                "name": "layout_height"
              },
              {
                "value": "center_horizontal|bottom",
                "type": "string",
                "name": "gravity"
              },
              {
                "value": "vertical",
                "type": "string",
                "name": "orientation"
              },
              {
                "value": "3dp",
                "type": "dimen",
                "name": "paddingBottom"
              },
              {
                "value": {
                  "is_need_login": true,
                  "json_path": "$.comment.dynamic_action",
                  "type": "action_click",
                  "js": "function getToastText(jsonStr){ var json = JSON.parse(jsonStr);return json.comment.user_commented > 0?'您已经评论过该商家了哦，去评价一下其他你了解的商家吧':''; }",
                  "functionName": "getToastText",
                  "operate": "json_to_parse"
                },
                "type": "json",
                "name": "action"
              },
              {
                "value": {
                  "json_path": "$.comment.dynamic_track",
                  "type": "action_tracker"
                },
                "type": "json",
                "name": "action"
              }
            ],
            "widget": "LinearLayout"
          }
        ],
        "properties": [
          {
            "value": "button_layout",
            "type": "ref",
            "name": "id"
          },
          {
            "value": "wrap_content",
            "type": "dimen",
            "name": "layout_width"
          },
          {
            "value": "match_parent",
            "type": "dimen",
            "name": "layout_height"
          },
          {
            "value": "#ffffff",
            "type": "color",
            "name": "background"
          },
          {
            "value": "10dp",
            "type": "dimen",
            "name": "paddingLeft"
          },
          {
            "value": "10dp",
            "type": "dimen",
            "name": "paddingRight"
          }
        ],
        "widget": "LinearLayout"
      },
      {
        "views": [],
        "properties": [
          {
            "value": "match_parent",
            "type": "dimen",
            "name": "layout_width"
          },
          {
            "value": "0.5dp",
            "type": "dimen",
            "name": "layout_height"
          },
          {
            "value": "#e2e2e2",
            "type": "color",
            "name": "background"
          }
        ],
        "widget": "android.view.View"
      },
      {
        "views": [],
        "properties": [
          {
            "value": "match_parent",
            "type": "dimen",
            "name": "layout_width"
          },
          {
            "value": "match_parent",
            "type": "dimen",
            "name": "layout_height"
          },
          {
            "value": "button_layout",
            "type": "ref",
            "name": "layout_toRightOf"
          },
          {
            "value": "#d29c44",
            "type": "color",
            "name": "background"
          },
          {
            "value": "center",
            "type": "string",
            "name": "gravity"
          },
          {
            "value": {
              "js": "function getText(jsonStr){ var json = JSON.parse(jsonStr);return json.make_appointment.free_trial_yarn > 0?'免费预约试纱':'预约商家'; }",
              "functionName": "getText",
              "operate": "json_to_parse",
              "type": "action_text"
            },
            "type": "json",
            "name": "action"
          },
          {
            "value": "#ffffff",
            "type": "color",
            "name": "textColor"
          },
          {
            "value": "16sp",
            "type": "dimen",
            "name": "textSize"
          },
          {
            "value": {
              "is_need_login": true,
              "json_path": "$.make_appointment.dynamic_action",
              "type": "action_click"
            },
            "type": "json",
            "name": "action"
          },
          {
            "value": {
              "json_path": "$.make_appointment.dynamic_track",
              "type": "action_tracker"
            },
            "type": "json",
            "name": "action"
          }
        ],
        "widget": "TextView"
      }
    ],
    "properties": [
      {
        "value": "match_parent",
        "type": "dimen",
        "name": "layout_width"
      },
      {
        "value": "50dp",
        "type": "dimen",
        "name": "layout_height"
      },
      {
        "value": "true",
        "type": "BOOLEAN",
        "name": "layout_alignParentBottom"
      },
      {
        "value": "visibility",
        "type": "string",
        "name": "visibility"
      },
      {
        "value": "#ffffff",
        "type": "color",
        "name": "background"
      }
    ],
    "widget": "RelativeLayout"
  },
  "merchant_bottom_green_style": {
    "views": [
      {
        "views": [
          {
            "views": [
              {
                "views": [],
                "properties": [
                  {
                    "value": "img_chat",
                    "type": "ref",
                    "name": "id"
                  },
                  {
                    "value": "wrap_content",
                    "type": "dimen",
                    "name": "layout_width"
                  },
                  {
                    "value": "20dp",
                    "type": "dimen",
                    "name": "layout_height"
                  },
                  {
                    "value": "center_Inside",
                    "type": "string",
                    "name": "scaleType"
                  },
                  {
                    "value": "https://qnm.hunliji.com/o_1cn4fa1qs9moutrv441h271ij6o.gif",
                    "type": "glide",
                    "name": "src"
                  }
                ],
                "widget": "ImageView"
              },
              {
                "views": [],
                "properties": [
                  {
                    "value": "wrap_content",
                    "type": "dimen",
                    "name": "layout_width"
                  },
                  {
                    "value": "wrap_content",
                    "type": "dimen",
                    "name": "layout_height"
                  },
                  {
                    "value": "2dp",
                    "type": "dimen",
                    "name": "layout_marginBottom"
                  },
                  {
                    "value": "4dp",
                    "type": "dimen",
                    "name": "layout_marginTop"
                  },
                  {
                    "value": "center",
                    "type": "string",
                    "name": "gravity"
                  },
                  {
                    "value": "false",
                    "type": "BOOLEAN",
                    "name": "includeFontPadding"
                  },
                  {
                    "value": "私信",
                    "type": "string",
                    "name": "text"
                  },
                  {
                    "value": "#2fc07a",
                    "type": "color",
                    "name": "textColor"
                  },
                  {
                    "value": "10sp",
                    "type": "dimen",
                    "name": "textSize"
                  }
                ],
                "widget": "TextView"
              }
            ],
            "properties": [
              {
                "value": "layout_chat",
                "type": "ref",
                "name": "id"
              },
              {
                "value": "55dp",
                "type": "dimen",
                "name": "layout_width"
              },
              {
                "value": "match_parent",
                "type": "dimen",
                "name": "layout_height"
              },
              {
                "value": "center_horizontal|bottom",
                "type": "string",
                "name": "gravity"
              },
              {
                "value": "vertical",
                "type": "string",
                "name": "orientation"
              },
              {
                "value": "3dp",
                "type": "dimen",
                "name": "paddingBottom"
              },
              {
                "value": {
                  "is_need_login": true,
                  "json_path": "$.chat.dynamic_action",
                  "type": "action_click"
                },
                "type": "json",
                "name": "action"
              },
              {
                "value": {
                  "json_path": "$.chat.dynamic_track",
                  "type": "action_tracker"
                },
                "type": "json",
                "name": "action"
              }
            ],
            "widget": "LinearLayout"
          },
          {
            "views": [
              {
                "views": [],
                "properties": [
                  {
                    "value": "wrap_content",
                    "type": "dimen",
                    "name": "layout_width"
                  },
                  {
                    "value": "20dp",
                    "type": "dimen",
                    "name": "layout_height"
                  },
                  {
                    "value": "center_Inside",
                    "type": "string",
                    "name": "scaleType"
                  },
                  {
                    "value": "https://qnm.hunliji.com/o_1cn5pb02q1n6012at692t6519ltj.png",
                    "type": "glide",
                    "name": "src"
                  }
                ],
                "widget": "ImageView"
              },
              {
                "views": [],
                "properties": [
                  {
                    "value": "wrap_content",
                    "type": "dimen",
                    "name": "layout_width"
                  },
                  {
                    "value": "wrap_content",
                    "type": "dimen",
                    "name": "layout_height"
                  },
                  {
                    "value": "2dp",
                    "type": "dimen",
                    "name": "layout_marginBottom"
                  },
                  {
                    "value": "5dp",
                    "type": "dimen",
                    "name": "layout_marginTop"
                  },
                  {
                    "value": "center",
                    "type": "string",
                    "name": "gravity"
                  },
                  {
                    "value": "false",
                    "type": "BOOLEAN",
                    "name": "includeFontPadding"
                  },
                  {
                    "value": "电话",
                    "type": "string",
                    "name": "text"
                  },
                  {
                    "value": "#2fc07a",
                    "type": "color",
                    "name": "textColor"
                  },
                  {
                    "value": "10sp",
                    "type": "dimen",
                    "name": "textSize"
                  }
                ],
                "widget": "TextView"
              }
            ],
            "properties": [
              {
                "value": "layout_call",
                "type": "ref",
                "name": "id"
              },
              {
                "value": "55dp",
                "type": "dimen",
                "name": "layout_width"
              },
              {
                "value": "match_parent",
                "type": "dimen",
                "name": "layout_height"
              },
              {
                "value": "center_horizontal|bottom",
                "type": "string",
                "name": "gravity"
              },
              {
                "value": "vertical",
                "type": "string",
                "name": "orientation"
              },
              {
                "value": "3dp",
                "type": "dimen",
                "name": "paddingBottom"
              },
              {
                "value": {
                  "json_path": "$.phone.dynamic_action",
                  "type": "action_click"
                },
                "type": "json",
                "name": "action"
              },
              {
                "value": {
                  "json_path": "$.phone.dynamic_track",
                  "type": "action_tracker"
                },
                "type": "json",
                "name": "action"
              }
            ],
            "widget": "LinearLayout"
          },
          {
            "views": [
              {
                "views": [],
                "properties": [
                  {
                    "value": "wrap_content",
                    "type": "dimen",
                    "name": "layout_width"
                  },
                  {
                    "value": "20dp",
                    "type": "dimen",
                    "name": "layout_height"
                  },
                  {
                    "value": "center_Inside",
                    "type": "string",
                    "name": "scaleType"
                  },
                  {
                    "value": "https://qnm.hunliji.com/o_1cn5peksi1mj1nl21h3mk0f14dg2a.png",
                    "type": "glide",
                    "name": "src"
                  }
                ],
                "widget": "ImageView"
              },
              {
                "views": [],
                "properties": [
                  {
                    "value": "wrap_content",
                    "type": "dimen",
                    "name": "layout_width"
                  },
                  {
                    "value": "wrap_content",
                    "type": "dimen",
                    "name": "layout_height"
                  },
                  {
                    "value": "2dp",
                    "type": "dimen",
                    "name": "layout_marginBottom"
                  },
                  {
                    "value": "5dp",
                    "type": "dimen",
                    "name": "layout_marginTop"
                  },
                  {
                    "value": "center",
                    "type": "string",
                    "name": "gravity"
                  },
                  {
                    "value": "false",
                    "type": "BOOLEAN",
                    "name": "includeFontPadding"
                  },
                  {
                    "value": "评价",
                    "type": "string",
                    "name": "text"
                  },
                  {
                    "value": "#2fc07a",
                    "type": "color",
                    "name": "textColor"
                  },
                  {
                    "value": "10sp",
                    "type": "dimen",
                    "name": "textSize"
                  }
                ],
                "widget": "TextView"
              }
            ],
            "properties": [
              {
                "value": "comment_layout",
                "type": "ref",
                "name": "id"
              },
              {
                "value": "55dp",
                "type": "dimen",
                "name": "layout_width"
              },
              {
                "value": "match_parent",
                "type": "dimen",
                "name": "layout_height"
              },
              {
                "value": "center_horizontal|bottom",
                "type": "string",
                "name": "gravity"
              },
              {
                "value": "vertical",
                "type": "string",
                "name": "orientation"
              },
              {
                "value": "3dp",
                "type": "dimen",
                "name": "paddingBottom"
              },
              {
                "value": {
                  "is_need_login": true,
                  "json_path": "$.comment.dynamic_action",
                  "type": "action_click",
                  "js": "function getToastText(jsonStr){ var json = JSON.parse(jsonStr);return json.comment.user_commented > 0?'您已经评论过该商家了哦，去评价一下其他你了解的商家吧':''; }",
                  "functionName": "getToastText",
                  "operate": "json_to_parse"
                },
                "type": "json",
                "name": "action"
              },
              {
                "value": {
                  "json_path": "$.comment.dynamic_track",
                  "type": "action_tracker"
                },
                "type": "json",
                "name": "action"
              }
            ],
            "widget": "LinearLayout"
          }
        ],
        "properties": [
          {
            "value": "button_layout",
            "type": "ref",
            "name": "id"
          },
          {
            "value": "wrap_content",
            "type": "dimen",
            "name": "layout_width"
          },
          {
            "value": "match_parent",
            "type": "dimen",
            "name": "layout_height"
          },
          {
            "value": "#ffffff",
            "type": "color",
            "name": "background"
          },
          {
            "value": "10dp",
            "type": "dimen",
            "name": "paddingLeft"
          },
          {
            "value": "10dp",
            "type": "dimen",
            "name": "paddingRight"
          }
        ],
        "widget": "LinearLayout"
      },
      {
        "views": [],
        "properties": [
          {
            "value": "match_parent",
            "type": "dimen",
            "name": "layout_width"
          },
          {
            "value": "0.5dp",
            "type": "dimen",
            "name": "layout_height"
          },
          {
            "value": "#e2e2e2",
            "type": "color",
            "name": "background"
          }
        ],
        "widget": "android.view.View"
      },
      {
        "views": [],
        "properties": [
          {
            "value": "match_parent",
            "type": "dimen",
            "name": "layout_width"
          },
          {
            "value": "match_parent",
            "type": "dimen",
            "name": "layout_height"
          },
          {
            "value": "button_layout",
            "type": "ref",
            "name": "layout_toRightOf"
          },
          {
            "value": "#2fc07a",
            "type": "color",
            "name": "background"
          },
          {
            "value": "center",
            "type": "string",
            "name": "gravity"
          },
          {
            "value": {
              "js": "function getText(jsonStr){ var json = JSON.parse(jsonStr);return json.make_appointment.free_trial_yarn > 0?'免费预约试纱':'预约商家'; }",
              "functionName": "getText",
              "operate": "json_to_parse",
              "type": "action_text"
            },
            "type": "json",
            "name": "action"
          },
          {
            "value": "#ffffff",
            "type": "color",
            "name": "textColor"
          },
          {
            "value": "16sp",
            "type": "dimen",
            "name": "textSize"
          },
          {
            "value": {
              "is_need_login": true,
              "json_path": "$.make_appointment.dynamic_action",
              "type": "action_click"
            },
            "type": "json",
            "name": "action"
          },
          {
            "value": {
              "json_path": "$.make_appointment.dynamic_track",
              "type": "action_tracker"
            },
            "type": "json",
            "name": "action"
          }
        ],
        "widget": "TextView"
      }
    ],
    "properties": [
      {
        "value": "match_parent",
        "type": "dimen",
        "name": "layout_width"
      },
      {
        "value": "50dp",
        "type": "dimen",
        "name": "layout_height"
      },
      {
        "value": "true",
        "type": "BOOLEAN",
        "name": "layout_alignParentBottom"
      },
      {
        "value": "visibility",
        "type": "string",
        "name": "visibility"
      },
      {
        "value": "#ffffff",
        "type": "color",
        "name": "background"
      }
    ],
    "widget": "RelativeLayout"
  },
  "merchant_bottom_blue_style": {
    "views": [
      {
        "views": [
          {
            "views": [
              {
                "views": [],
                "properties": [
                  {
                    "value": "img_chat",
                    "type": "ref",
                    "name": "id"
                  },
                  {
                    "value": "wrap_content",
                    "type": "dimen",
                    "name": "layout_width"
                  },
                  {
                    "value": "20dp",
                    "type": "dimen",
                    "name": "layout_height"
                  },
                  {
                    "value": "center_Inside",
                    "type": "string",
                    "name": "scaleType"
                  },
                  {
                    "value": "https://qnm.hunliji.com/o_1cn4fqt5mjuc194110ob12bppeft.gif",
                    "type": "glide",
                    "name": "src"
                  }
                ],
                "widget": "ImageView"
              },
              {
                "views": [],
                "properties": [
                  {
                    "value": "wrap_content",
                    "type": "dimen",
                    "name": "layout_width"
                  },
                  {
                    "value": "wrap_content",
                    "type": "dimen",
                    "name": "layout_height"
                  },
                  {
                    "value": "2dp",
                    "type": "dimen",
                    "name": "layout_marginBottom"
                  },
                  {
                    "value": "4dp",
                    "type": "dimen",
                    "name": "layout_marginTop"
                  },
                  {
                    "value": "center",
                    "type": "string",
                    "name": "gravity"
                  },
                  {
                    "value": "false",
                    "type": "BOOLEAN",
                    "name": "includeFontPadding"
                  },
                  {
                    "value": "私信",
                    "type": "string",
                    "name": "text"
                  },
                  {
                    "value": "#3ea2ea",
                    "type": "color",
                    "name": "textColor"
                  },
                  {
                    "value": "10sp",
                    "type": "dimen",
                    "name": "textSize"
                  }
                ],
                "widget": "TextView"
              }
            ],
            "properties": [
              {
                "value": "layout_chat",
                "type": "ref",
                "name": "id"
              },
              {
                "value": "55dp",
                "type": "dimen",
                "name": "layout_width"
              },
              {
                "value": "match_parent",
                "type": "dimen",
                "name": "layout_height"
              },
              {
                "value": "center_horizontal|bottom",
                "type": "string",
                "name": "gravity"
              },
              {
                "value": "vertical",
                "type": "string",
                "name": "orientation"
              },
              {
                "value": "3dp",
                "type": "dimen",
                "name": "paddingBottom"
              },
              {
                "value": {
                  "is_need_login": true,
                  "json_path": "$.chat.dynamic_action",
                  "type": "action_click"
                },
                "type": "json",
                "name": "action"
              },
              {
                "value": {
                  "json_path": "$.chat.dynamic_track",
                  "type": "action_tracker"
                },
                "type": "json",
                "name": "action"
              }
            ],
            "widget": "LinearLayout"
          },
          {
            "views": [
              {
                "views": [],
                "properties": [
                  {
                    "value": "wrap_content",
                    "type": "dimen",
                    "name": "layout_width"
                  },
                  {
                    "value": "20dp",
                    "type": "dimen",
                    "name": "layout_height"
                  },
                  {
                    "value": "center_Inside",
                    "type": "string",
                    "name": "scaleType"
                  },
                  {
                    "value": "https://qnm.hunliji.com/o_1cn5pb22nn2n1ck61uuqe5baaso.png",
                    "type": "glide",
                    "name": "src"
                  }
                ],
                "widget": "ImageView"
              },
              {
                "views": [],
                "properties": [
                  {
                    "value": "wrap_content",
                    "type": "dimen",
                    "name": "layout_width"
                  },
                  {
                    "value": "wrap_content",
                    "type": "dimen",
                    "name": "layout_height"
                  },
                  {
                    "value": "2dp",
                    "type": "dimen",
                    "name": "layout_marginBottom"
                  },
                  {
                    "value": "5dp",
                    "type": "dimen",
                    "name": "layout_marginTop"
                  },
                  {
                    "value": "center",
                    "type": "string",
                    "name": "gravity"
                  },
                  {
                    "value": "false",
                    "type": "BOOLEAN",
                    "name": "includeFontPadding"
                  },
                  {
                    "value": "电话",
                    "type": "string",
                    "name": "text"
                  },
                  {
                    "value": "#3ea2ea",
                    "type": "color",
                    "name": "textColor"
                  },
                  {
                    "value": "10sp",
                    "type": "dimen",
                    "name": "textSize"
                  }
                ],
                "widget": "TextView"
              }
            ],
            "properties": [
              {
                "value": "layout_call",
                "type": "ref",
                "name": "id"
              },
              {
                "value": "55dp",
                "type": "dimen",
                "name": "layout_width"
              },
              {
                "value": "match_parent",
                "type": "dimen",
                "name": "layout_height"
              },
              {
                "value": "center_horizontal|bottom",
                "type": "string",
                "name": "gravity"
              },
              {
                "value": "vertical",
                "type": "string",
                "name": "orientation"
              },
              {
                "value": "3dp",
                "type": "dimen",
                "name": "paddingBottom"
              },
              {
                "value": {
                  "json_path": "$.phone.dynamic_action",
                  "type": "action_click"
                },
                "type": "json",
                "name": "action"
              },
              {
                "value": {
                  "json_path": "$.phone.dynamic_track",
                  "type": "action_tracker"
                },
                "type": "json",
                "name": "action"
              }
            ],
            "widget": "LinearLayout"
          },
          {
            "views": [
              {
                "views": [],
                "properties": [
                  {
                    "value": "wrap_content",
                    "type": "dimen",
                    "name": "layout_width"
                  },
                  {
                    "value": "20dp",
                    "type": "dimen",
                    "name": "layout_height"
                  },
                  {
                    "value": "center_Inside",
                    "type": "string",
                    "name": "scaleType"
                  },
                  {
                    "value": "https://qnm.hunliji.com/o_1cn5peqn71bllmg1fc4fa93lm2f.png",
                    "type": "glide",
                    "name": "src"
                  }
                ],
                "widget": "ImageView"
              },
              {
                "views": [],
                "properties": [
                  {
                    "value": "wrap_content",
                    "type": "dimen",
                    "name": "layout_width"
                  },
                  {
                    "value": "wrap_content",
                    "type": "dimen",
                    "name": "layout_height"
                  },
                  {
                    "value": "2dp",
                    "type": "dimen",
                    "name": "layout_marginBottom"
                  },
                  {
                    "value": "5dp",
                    "type": "dimen",
                    "name": "layout_marginTop"
                  },
                  {
                    "value": "center",
                    "type": "string",
                    "name": "gravity"
                  },
                  {
                    "value": "false",
                    "type": "BOOLEAN",
                    "name": "includeFontPadding"
                  },
                  {
                    "value": "评价",
                    "type": "string",
                    "name": "text"
                  },
                  {
                    "value": "#3ea2ea",
                    "type": "color",
                    "name": "textColor"
                  },
                  {
                    "value": "10sp",
                    "type": "dimen",
                    "name": "textSize"
                  }
                ],
                "widget": "TextView"
              }
            ],
            "properties": [
              {
                "value": "comment_layout",
                "type": "ref",
                "name": "id"
              },
              {
                "value": "55dp",
                "type": "dimen",
                "name": "layout_width"
              },
              {
                "value": "match_parent",
                "type": "dimen",
                "name": "layout_height"
              },
              {
                "value": "center_horizontal|bottom",
                "type": "string",
                "name": "gravity"
              },
              {
                "value": "vertical",
                "type": "string",
                "name": "orientation"
              },
              {
                "value": "3dp",
                "type": "dimen",
                "name": "paddingBottom"
              },
              {
                "value": {
                  "is_need_login": true,
                  "json_path": "$.comment.dynamic_action",
                  "type": "action_click",
                  "js": "function getToastText(jsonStr){ var json = JSON.parse(jsonStr);return json.comment.user_commented > 0?'您已经评论过该商家了哦，去评价一下其他你了解的商家吧':''; }",
                  "functionName": "getToastText",
                  "operate": "json_to_parse"
                },
                "type": "json",
                "name": "action"
              },
              {
                "value": {
                  "json_path": "$.comment.dynamic_track",
                  "type": "action_tracker"
                },
                "type": "json",
                "name": "action"
              }
            ],
            "widget": "LinearLayout"
          }
        ],
        "properties": [
          {
            "value": "button_layout",
            "type": "ref",
            "name": "id"
          },
          {
            "value": "wrap_content",
            "type": "dimen",
            "name": "layout_width"
          },
          {
            "value": "match_parent",
            "type": "dimen",
            "name": "layout_height"
          },
          {
            "value": "#ffffff",
            "type": "color",
            "name": "background"
          },
          {
            "value": "10dp",
            "type": "dimen",
            "name": "paddingLeft"
          },
          {
            "value": "10dp",
            "type": "dimen",
            "name": "paddingRight"
          }
        ],
        "widget": "LinearLayout"
      },
      {
        "views": [],
        "properties": [
          {
            "value": "match_parent",
            "type": "dimen",
            "name": "layout_width"
          },
          {
            "value": "0.5dp",
            "type": "dimen",
            "name": "layout_height"
          },
          {
            "value": "#e2e2e2",
            "type": "color",
            "name": "background"
          }
        ],
        "widget": "android.view.View"
      },
      {
        "views": [],
        "properties": [
          {
            "value": "match_parent",
            "type": "dimen",
            "name": "layout_width"
          },
          {
            "value": "match_parent",
            "type": "dimen",
            "name": "layout_height"
          },
          {
            "value": "button_layout",
            "type": "ref",
            "name": "layout_toRightOf"
          },
          {
            "value": "#3ea2ea",
            "type": "color",
            "name": "background"
          },
          {
            "value": "center",
            "type": "string",
            "name": "gravity"
          },
          {
            "value": {
              "js": "function getText(jsonStr){ var json = JSON.parse(jsonStr);return json.make_appointment.free_trial_yarn > 0?'免费预约试纱':'预约商家'; }",
              "functionName": "getText",
              "operate": "json_to_parse",
              "type": "action_text"
            },
            "type": "json",
            "name": "action"
          },
          {
            "value": "#ffffff",
            "type": "color",
            "name": "textColor"
          },
          {
            "value": "16sp",
            "type": "dimen",
            "name": "textSize"
          },
          {
            "value": {
              "is_need_login": true,
              "json_path": "$.make_appointment.dynamic_action",
              "type": "action_click"
            },
            "type": "json",
            "name": "action"
          },
          {
            "value": {
              "json_path": "$.make_appointment.dynamic_track",
              "type": "action_tracker"
            },
            "type": "json",
            "name": "action"
          }
        ],
        "widget": "TextView"
      }
    ],
    "properties": [
      {
        "value": "match_parent",
        "type": "dimen",
        "name": "layout_width"
      },
      {
        "value": "50dp",
        "type": "dimen",
        "name": "layout_height"
      },
      {
        "value": "true",
        "type": "BOOLEAN",
        "name": "layout_alignParentBottom"
      },
      {
        "value": "visibility",
        "type": "string",
        "name": "visibility"
      },
      {
        "value": "#ffffff",
        "type": "color",
        "name": "background"
      }
    ],
    "widget": "RelativeLayout"
  },
  "merchant_bottom_pink_style": {
    "views": [
      {
        "views": [
          {
            "views": [
              {
                "views": [],
                "properties": [
                  {
                    "value": "img_chat",
                    "type": "ref",
                    "name": "id"
                  },
                  {
                    "value": "wrap_content",
                    "type": "dimen",
                    "name": "layout_width"
                  },
                  {
                    "value": "20dp",
                    "type": "dimen",
                    "name": "layout_height"
                  },
                  {
                    "value": "center_Inside",
                    "type": "string",
                    "name": "scaleType"
                  },
                  {
                    "value": "https://qnm.hunliji.com/o_1cn4fr75if6q12cn1bq01785sg512.gif",
                    "type": "glide",
                    "name": "src"
                  }
                ],
                "widget": "ImageView"
              },
              {
                "views": [],
                "properties": [
                  {
                    "value": "wrap_content",
                    "type": "dimen",
                    "name": "layout_width"
                  },
                  {
                    "value": "wrap_content",
                    "type": "dimen",
                    "name": "layout_height"
                  },
                  {
                    "value": "2dp",
                    "type": "dimen",
                    "name": "layout_marginBottom"
                  },
                  {
                    "value": "4dp",
                    "type": "dimen",
                    "name": "layout_marginTop"
                  },
                  {
                    "value": "center",
                    "type": "string",
                    "name": "gravity"
                  },
                  {
                    "value": "false",
                    "type": "BOOLEAN",
                    "name": "includeFontPadding"
                  },
                  {
                    "value": "私信",
                    "type": "string",
                    "name": "text"
                  },
                  {
                    "value": "#ff7894",
                    "type": "color",
                    "name": "textColor"
                  },
                  {
                    "value": "10sp",
                    "type": "dimen",
                    "name": "textSize"
                  }
                ],
                "widget": "TextView"
              }
            ],
            "properties": [
              {
                "value": "layout_chat",
                "type": "ref",
                "name": "id"
              },
              {
                "value": "55dp",
                "type": "dimen",
                "name": "layout_width"
              },
              {
                "value": "match_parent",
                "type": "dimen",
                "name": "layout_height"
              },
              {
                "value": "center_horizontal|bottom",
                "type": "string",
                "name": "gravity"
              },
              {
                "value": "vertical",
                "type": "string",
                "name": "orientation"
              },
              {
                "value": "3dp",
                "type": "dimen",
                "name": "paddingBottom"
              },
              {
                "value": {
                  "is_need_login": true,
                  "json_path": "$.chat.dynamic_action",
                  "type": "action_click"
                },
                "type": "json",
                "name": "action"
              },
              {
                "value": {
                  "json_path": "$.chat.dynamic_track",
                  "type": "action_tracker"
                },
                "type": "json",
                "name": "action"
              }
            ],
            "widget": "LinearLayout"
          },
          {
            "views": [
              {
                "views": [],
                "properties": [
                  {
                    "value": "wrap_content",
                    "type": "dimen",
                    "name": "layout_width"
                  },
                  {
                    "value": "20dp",
                    "type": "dimen",
                    "name": "layout_height"
                  },
                  {
                    "value": "center_Inside",
                    "type": "string",
                    "name": "scaleType"
                  },
                  {
                    "value": "https://qnm.hunliji.com/o_1cn5pb3ssdqb1e3739eru1lust.png",
                    "type": "glide",
                    "name": "src"
                  }
                ],
                "widget": "ImageView"
              },
              {
                "views": [],
                "properties": [
                  {
                    "value": "wrap_content",
                    "type": "dimen",
                    "name": "layout_width"
                  },
                  {
                    "value": "wrap_content",
                    "type": "dimen",
                    "name": "layout_height"
                  },
                  {
                    "value": "2dp",
                    "type": "dimen",
                    "name": "layout_marginBottom"
                  },
                  {
                    "value": "5dp",
                    "type": "dimen",
                    "name": "layout_marginTop"
                  },
                  {
                    "value": "center",
                    "type": "string",
                    "name": "gravity"
                  },
                  {
                    "value": "false",
                    "type": "BOOLEAN",
                    "name": "includeFontPadding"
                  },
                  {
                    "value": "电话",
                    "type": "string",
                    "name": "text"
                  },
                  {
                    "value": "#ff7894",
                    "type": "color",
                    "name": "textColor"
                  },
                  {
                    "value": "10sp",
                    "type": "dimen",
                    "name": "textSize"
                  }
                ],
                "widget": "TextView"
              }
            ],
            "properties": [
              {
                "value": "layout_call",
                "type": "ref",
                "name": "id"
              },
              {
                "value": "55dp",
                "type": "dimen",
                "name": "layout_width"
              },
              {
                "value": "match_parent",
                "type": "dimen",
                "name": "layout_height"
              },
              {
                "value": "center_horizontal|bottom",
                "type": "string",
                "name": "gravity"
              },
              {
                "value": "vertical",
                "type": "string",
                "name": "orientation"
              },
              {
                "value": "3dp",
                "type": "dimen",
                "name": "paddingBottom"
              },
              {
                "value": {
                  "json_path": "$.phone.dynamic_action",
                  "type": "action_click"
                },
                "type": "json",
                "name": "action"
              },
              {
                "value": {
                  "json_path": "$.phone.dynamic_track",
                  "type": "action_tracker"
                },
                "type": "json",
                "name": "action"
              }
            ],
            "widget": "LinearLayout"
          },
          {
            "views": [
              {
                "views": [],
                "properties": [
                  {
                    "value": "wrap_content",
                    "type": "dimen",
                    "name": "layout_width"
                  },
                  {
                    "value": "20dp",
                    "type": "dimen",
                    "name": "layout_height"
                  },
                  {
                    "value": "center_Inside",
                    "type": "string",
                    "name": "scaleType"
                  },
                  {
                    "value": "https://qnm.hunliji.com/o_1cn5pevdgm5b1p1qc0c18t44ck2k.png",
                    "type": "glide",
                    "name": "src"
                  }
                ],
                "widget": "ImageView"
              },
              {
                "views": [],
                "properties": [
                  {
                    "value": "wrap_content",
                    "type": "dimen",
                    "name": "layout_width"
                  },
                  {
                    "value": "wrap_content",
                    "type": "dimen",
                    "name": "layout_height"
                  },
                  {
                    "value": "2dp",
                    "type": "dimen",
                    "name": "layout_marginBottom"
                  },
                  {
                    "value": "5dp",
                    "type": "dimen",
                    "name": "layout_marginTop"
                  },
                  {
                    "value": "center",
                    "type": "string",
                    "name": "gravity"
                  },
                  {
                    "value": "false",
                    "type": "BOOLEAN",
                    "name": "includeFontPadding"
                  },
                  {
                    "value": "评价",
                    "type": "string",
                    "name": "text"
                  },
                  {
                    "value": "#ff7894",
                    "type": "color",
                    "name": "textColor"
                  },
                  {
                    "value": "10sp",
                    "type": "dimen",
                    "name": "textSize"
                  }
                ],
                "widget": "TextView"
              }
            ],
            "properties": [
              {
                "value": "comment_layout",
                "type": "ref",
                "name": "id"
              },
              {
                "value": "55dp",
                "type": "dimen",
                "name": "layout_width"
              },
              {
                "value": "match_parent",
                "type": "dimen",
                "name": "layout_height"
              },
              {
                "value": "center_horizontal|bottom",
                "type": "string",
                "name": "gravity"
              },
              {
                "value": "vertical",
                "type": "string",
                "name": "orientation"
              },
              {
                "value": "3dp",
                "type": "dimen",
                "name": "paddingBottom"
              },
              {
                "value": {
                  "is_need_login": true,
                  "json_path": "$.comment.dynamic_action",
                  "type": "action_click",
                  "js": "function getToastText(jsonStr){ var json = JSON.parse(jsonStr);return json.comment.user_commented > 0?'您已经评论过该商家了哦，去评价一下其他你了解的商家吧':''; }",
                  "functionName": "getToastText",
                  "operate": "json_to_parse"
                },
                "type": "json",
                "name": "action"
              },
              {
                "value": {
                  "json_path": "$.comment.dynamic_track",
                  "type": "action_tracker"
                },
                "type": "json",
                "name": "action"
              }
            ],
            "widget": "LinearLayout"
          }
        ],
        "properties": [
          {
            "value": "button_layout",
            "type": "ref",
            "name": "id"
          },
          {
            "value": "wrap_content",
            "type": "dimen",
            "name": "layout_width"
          },
          {
            "value": "match_parent",
            "type": "dimen",
            "name": "layout_height"
          },
          {
            "value": "#ffffff",
            "type": "color",
            "name": "background"
          },
          {
            "value": "10dp",
            "type": "dimen",
            "name": "paddingLeft"
          },
          {
            "value": "10dp",
            "type": "dimen",
            "name": "paddingRight"
          }
        ],
        "widget": "LinearLayout"
      },
      {
        "views": [],
        "properties": [
          {
            "value": "match_parent",
            "type": "dimen",
            "name": "layout_width"
          },
          {
            "value": "0.5dp",
            "type": "dimen",
            "name": "layout_height"
          },
          {
            "value": "#e2e2e2",
            "type": "color",
            "name": "background"
          }
        ],
        "widget": "android.view.View"
      },
      {
        "views": [],
        "properties": [
          {
            "value": "match_parent",
            "type": "dimen",
            "name": "layout_width"
          },
          {
            "value": "match_parent",
            "type": "dimen",
            "name": "layout_height"
          },
          {
            "value": "button_layout",
            "type": "ref",
            "name": "layout_toRightOf"
          },
          {
            "value": "#ff7894",
            "type": "color",
            "name": "background"
          },
          {
            "value": "center",
            "type": "string",
            "name": "gravity"
          },
          {
            "value": {
              "js": "function getText(jsonStr){ var json = JSON.parse(jsonStr);return json.make_appointment.free_trial_yarn > 0?'免费预约试纱':'预约商家'; }",
              "functionName": "getText",
              "operate": "json_to_parse",
              "type": "action_text"
            },
            "type": "json",
            "name": "action"
          },
          {
            "value": "#ffffff",
            "type": "color",
            "name": "textColor"
          },
          {
            "value": "16sp",
            "type": "dimen",
            "name": "textSize"
          },
          {
            "value": {
              "is_need_login": true,
              "json_path": "$.make_appointment.dynamic_action",
              "type": "action_click"
            },
            "type": "json",
            "name": "action"
          },
          {
            "value": {
              "json_path": "$.make_appointment.dynamic_track",
              "type": "action_tracker"
            },
            "type": "json",
            "name": "action"
          }
        ],
        "widget": "TextView"
      }
    ],
    "properties": [
      {
        "value": "match_parent",
        "type": "dimen",
        "name": "layout_width"
      },
      {
        "value": "50dp",
        "type": "dimen",
        "name": "layout_height"
      },
      {
        "value": "true",
        "type": "BOOLEAN",
        "name": "layout_alignParentBottom"
      },
      {
        "value": "visibility",
        "type": "string",
        "name": "visibility"
      },
      {
        "value": "#ffffff",
        "type": "color",
        "name": "background"
      }
    ],
    "widget": "RelativeLayout"
  }
}
