﻿{
  "hasNext": true,
  "list": [
    {
      "des": "这是描述描述1",
      "mouldId": 0,
      "name": "name1",
      "images": "https://qnm.hunliji.com/o_1ci9h5h8g1t0stpvf1jr6qabk65.jpg",
      "times": "2007-07-1900 06:32",
      "url": "http://qnvideo.hunliji.com/iJRa4GGdWrCc-gOs1VL3w25th5c=/lj__QTcQDtTKOiwOwDQC5wHqd3cE.m3u8"
    },
    {
      "des": "这是描述描述2",
      "mouldId": 0,
      "name": "name2",
      "images": "https://qnm.hunliji.com/o_1ci9h5h8g1t0stpvf1jr6qabk65.jpg",
      "times": "2007-07-19 00:02:30",
      "url": "http://qnvideo.hunliji.com/iJRa4GGdWrCc-gOs1VL3w25th5c=/lj__QTcQDtTKOiwOwDQC5wHqd3cE.m3u8"
    },
    {
      "des": "这是描述描述3",
      "mouldId": 0,
      "name": "name3",
      "images": "https://qnm.hunliji.com/o_1ci9h5h8g1t0stpvf1jr6qabk65.jpg",
      "times": "2007-07-19 00:02:32",
      "url": "http://qnvideo.hunliji.com/iJRa4GGdWrCc-gOs1VL3w25th5c=/lj__QTcQDtTKOiwOwDQC5wHqd3cE.m3u8"
    },
    {
      "des": "这是描述描述4",
      "mouldId": 0,
      "name": "name4",
      "images": "https://qnm.hunliji.com/o_1ci9h5h8g1t0stpvf1jr6qabk65.jpg",
      "times": "2007-07-19 00:02:35",
      "url": "http://qnvideo.hunliji.com/iJRa4GGdWrCc-gOs1VL3w25th5c=/lj__QTcQDtTKOiwOwDQC5wHqd3cE.m3u8"
    }
  ],
  "page": 0,
  "pageCount": 0,
  "totalCount": 0
}