﻿ {
    "assistCount": 0,
    "assists": [
      {
        "assistId": 0,
        "gmtCreate": "5分钟前",
        "nickname": "张三",
        "photo": "http://pic28.photophoto.cn/20130818/0020033143720852_b.jpg"
      }
      ,
      {
        "assistId": 0,
        "gmtCreate": "5分钟前",
        "nickname": "张三",
        "photo": "http://pic28.photophoto.cn/20130818/0020033143720852_b.jpg"
      }
      ,
      {
        "assistId": 0,
        "gmtCreate": "5分钟前",
        "nickname": "张三",
        "photo": "http://pic28.photophoto.cn/20130818/0020033143720852_b.jpg"
      }
      ,
      {
        "assistId": 0,
        "gmtCreate": "5分钟前",
        "nickname": "张三",
        "photo": "http://pic28.photophoto.cn/20130818/0020033143720852_b.jpg"
      }
    ],
    "images": "http://pic28.photophoto.cn/20130818/0020033143720852_b.jpg",
    "price": "100",
    "reductionPrice": "50"
  }