﻿ {
    "lowUrl": "http://qnvideo.hunliji.com/iJRa4GGdWrCc-gOs1VL3w25th5c=/lj__QTcQDtTKOiwOwDQC5wHqd3cE.m3u8",
    "payStatus": 0,
    "schedule": {
      "estimatedTime": "2007-07-1900 06:32",
      "movieUrl": "string",
      "progress": 100,
      "image": "https://qnm.hunliji.com/o_1ci9h5h8g1t0stpvf1jr6qabk65.jpg"
    },
    "url": "http://qnvideo.hunliji.com/iJRa4GGdWrCc-gOs1VL3w25th5c=/lj__QTcQDtTKOiwOwDQC5wHqd3cE.m3u8",
    "residualCount": "0",
    "assistCount": "0",
    "meals": [
      {
        "price": "100",
        "reductionPrice": "50",
        "title": "1121",
        "size": "323232",
        "effect": "12131",
        "occasion": "1341414"
      },
      {
        "price": "60",
        "reductionPrice": "10",
        "title": "sdfdfd",
        "size": "sfsdf",
        "effect": "sdfs",
        "occasion": "123132"
      }
    ]
  }