{
  "budgets": [
    {
      "name": "婚礼策划",
      "rates": [
        {
          "kind": 1,
          "rate": 11.400
        },
        {
          "kind": 2,
          "rate": 13.200
        },
        {
          "kind": 3,
          "rate": 14.800
        },
        {
          "kind": 4,
          "rate": 16.500
        }
      ],
      "moneyRange": [
        {
          "kind": 1,
          "min": 0.228,
          "max": 1.056
        },
        {
          "kind": 2,
          "min": 1.056,
          "max": 2.960
        },
        {
          "kind": 3,
          "min": 2.960,
          "max": 8.250
        },
        {
          "kind": 4,
          "min": 8.250
        }
      ]
    },
    {
      "name": "婚纱摄影",
      "rates": [
        {
          "kind": 1,
          "rate": 6.200
        },
        {
          "kind": 2,
          "rate": 5.200
        },
        {
          "kind": 3,
          "rate": 4.400
        },
        {
          "kind": 4,
          "rate": 3.400
        }
      ],
      "moneyRange": [
        {
          "kind": 1,
          "min": 0.124,
          "max": 0.416
        },
        {
          "kind": 2,
          "min": 0.416,
          "max": 0.880
        },
        {
          "kind": 3,
          "min": 0.880,
          "max": 1.700
        },
        {
          "kind": 4,
          "min": 1.700
        }
      ]
    },
    {
      "name": "婚礼礼服",
      "rates": [
        {
          "kind": 1,
          "rate": 4.400
        },
        {
          "kind": 2,
          "rate": 4.400
        },
        {
          "kind": 3,
          "rate": 4.300
        },
        {
          "kind": 4,
          "rate": 3.400
        }
      ],
      "moneyRange": [
        {
          "kind": 1,
          "min": 0.088,
          "max": 0.352
        },
        {
          "kind": 2,
          "min": 0.352,
          "max": 0.860
        },
        {
          "kind": 3,
          "min": 0.860,
          "max": 1.700
        },
        {
          "kind": 4,
          "min": 1.700
        }
      ]
    },
    {
      "name": "婚车租赁",
      "rates": [
        {
          "kind": 1,
          "rate": 2.000
        },
        {
          "kind": 2,
          "rate": 2.500
        },
        {
          "kind": 3,
          "rate": 2.500
        },
        {
          "kind": 4,
          "rate": 3.000
        }
      ],
      "moneyRange": [
        {
          "kind": 1,
          "min": 0.040,
          "max": 0.200
        },
        {
          "kind": 2,
          "min": 0.200,
          "max": 0.500
        },
        {
          "kind": 3,
          "min": 0.500,
          "max": 1.500
        },
        {
          "kind": 4,
          "min": 1.500
        }
      ]
    },
    {
      "name": "婚礼跟妆",
      "rates": [
        {
          "kind": 1,
          "rate": 0.900
        },
        {
          "kind": 2,
          "rate": 0.900
        },
        {
          "kind": 3,
          "rate": 0.800
        },
        {
          "kind": 4,
          "rate": 0.800
        }
      ],
      "moneyRange": [
        {
          "kind": 1,
          "min": 0.018,
          "max": 0.072
        },
        {
          "kind": 2,
          "min": 0.072,
          "max": 0.160
        },
        {
          "kind": 3,
          "min": 0.160,
          "max": 0.400
        },
        {
          "kind": 4,
          "min": 0.400
        }
      ]
    },
    {
      "name": "婚礼司仪",
      "rates": [
        {
          "kind": 1,
          "rate": 1.700
        },
        {
          "kind": 2,
          "rate": 2.700
        },
        {
          "kind": 3,
          "rate": 2.600
        },
        {
          "kind": 4,
          "rate": 2.600
        }
      ],
      "moneyRange": [
        {
          "kind": 1,
          "min": 0.034,
          "max": 0.216
        },
        {
          "kind": 2,
          "min": 0.216,
          "max": 0.520
        },
        {
          "kind": 3,
          "min": 0.520,
          "max": 1.300
        },
        {
          "kind": 4,
          "min": 1.300
        }
      ]
    },
    {
      "name": "婚礼摄影",
      "rates": [
        {
          "kind": 1,
          "rate": 0.900
        },
        {
          "kind": 2,
          "rate": 1.300
        },
        {
          "kind": 3,
          "rate": 1.300
        },
        {
          "kind": 4,
          "rate": 1.700
        }
      ],
      "moneyRange": [
        {
          "kind": 1,
          "min": 0.018,
          "max": 0.104
        },
        {
          "kind": 2,
          "min": 0.104,
          "max": 0.260
        },
        {
          "kind": 3,
          "min": 0.260,
          "max": 0.850
        },
        {
          "kind": 4,
          "min": 0.850
        }
      ]
    },
    {
      "name": "婚礼摄像",
      "rates": [
        {
          "kind": 1,
          "rate": 0.900
        },
        {
          "kind": 2,
          "rate": 1.300
        },
        {
          "kind": 3,
          "rate": 1.700
        },
        {
          "kind": 4,
          "rate": 2.100
        }
      ],
      "moneyRange": [
        {
          "kind": 1,
          "min": 0.018,
          "max": 0.104
        },
        {
          "kind": 2,
          "min": 0.104,
          "max": 0.340
        },
        {
          "kind": 3,
          "min": 0.340,
          "max": 1.050
        },
        {
          "kind": 4,
          "min": 1.050
        }
      ]
    },
    {
      "name": "婚宴酒店",
      "rates": [
        {
          "kind": 1,
          "rate": 49.800
        },
        {
          "kind": 2,
          "rate": 45.800
        },
        {
          "kind": 3,
          "rate": 44.300
        },
        {
          "kind": 4,
          "rate": 43.000
        }
      ],
      "moneyRange": [
        {
          "kind": 1,
          "min": 0.996,
          "max": 3.664
        },
        {
          "kind": 2,
          "min": 3.664,
          "max": 8.860
        },
        {
          "kind": 3,
          "min": 8.860,
          "max": 21.500
        },
        {
          "kind": 4,
          "min": 21.500
        }
      ]
    },
    {
      "name": "蜜月旅行",
      "rates": [
        {
          "kind": 1,
          "rate": 8.800
        },
        {
          "kind": 2,
          "rate": 9.700
        },
        {
          "kind": 3,
          "rate": 10.000
        },
        {
          "kind": 4,
          "rate": 10.000
        }
      ],
      "moneyRange": [
        {
          "kind": 1,
          "min": 0.176,
          "max": 0.776
        },
        {
          "kind": 2,
          "min": 0.776,
          "max": 2.000
        },
        {
          "kind": 3,
          "min": 2.000,
          "max": 5.000
        },
        {
          "kind": 4,
          "min": 5.000
        }
      ]
    },
    {
      "name": "珠宝首饰",
      "rates": [
        {
          "kind": 1,
          "rate": 10.000
        },
        {
          "kind": 2,
          "rate": 10.000
        },
        {
          "kind": 3,
          "rate": 10.000
        },
        {
          "kind": 4,
          "rate": 10.000
        }
      ],
      "moneyRange": [
        {
          "kind": 1,
          "min": 0.200,
          "max": 0.800
        },
        {
          "kind": 2,
          "min": 0.800,
          "max": 2.000
        },
        {
          "kind": 3,
          "min": 2.000,
          "max": 5.000
        },
        {
          "kind": 4,
          "min": 5.000
        }
      ]
    },
    {
      "name": "请帖喜糖",
      "rates": [
        {
          "kind": 1,
          "rate": 3.000
        },
        {
          "kind": 2,
          "rate": 3.000
        },
        {
          "kind": 3,
          "rate": 3.300
        },
        {
          "kind": 4,
          "rate": 3.500
        }
      ],
      "moneyRange": [
        {
          "kind": 1,
          "min": 0.060,
          "max": 0.240
        },
        {
          "kind": 2,
          "min": 0.240,
          "max": 0.660
        },
        {
          "kind": 3,
          "min": 0.660,
          "max": 1.750
        },
        {
          "kind": 4,
          "min": 1.750
        }
      ]
    }
  ]
}