{
"provinces":[
{
"id":1,
"name":"北京市",
"cities":[
{
"id":404,
"name":"北京",
"cid":1
}
]
},
{
"id":2,
"name":"天津市",
"cities":[
{
"id":5,
"name":"天津",
"cid":2
}
]
},
{
"id":3,
"name":"河北省",
"cities":[
{
"id":35,
"name":"保定",
"cid":7
},
{
"id":44,
"name":"张家口",
"cid":8
},
{
"id":46,
"name":"廊坊",
"cid":11
},
{
"id":50,
"name":"唐山",
"cid":10
},
{
"id":53,
"name":"秦皇岛",
"cid":15
},
{
"id":103,
"name":"石家庄",
"cid":6
},
{
"id":117,
"name":"沧州",
"cid":12
},
{
"id":143,
"name":"邢台",
"cid":14
},
{
"id":148,
"name":"邯郸",
"cid":5
},
{
"id":186,
"name":"承德",
"cid":9
},
{
"id":190,
"name":"衡水",
"cid":13
}
]
},
{
"id":4,
"name":"山西省",
"cities":[
{
"id":40,
"name":"太原",
"cid":18
},
{
"id":133,
"name":"大同",
"cid":19
},
{
"id":138,
"name":"吕梁",
"cid":25
},
{
"id":180,
"name":"晋城",
"cid":23
},
{
"id":196,
"name":"长治",
"cid":22
},
{
"id":197,
"name":"运城",
"cid":26
},
{
"id":211,
"name":"临汾",
"cid":24
},
{
"id":220,
"name":"忻州",
"cid":17
},
{
"id":272,
"name":"晋中",
"cid":21
},
{
"id":303,
"name":"阳泉",
"cid":20
},
{
"id":351,
"name":"朔州",
"cid":16
}
]
},
{
"id":5,
"name":"内蒙古自治区",
"cities":[
{
"id":21,
"name":"鄂尔多斯",
"cid":358
},
{
"id":51,
"name":"包头",
"cid":353
},
{
"id":87,
"name":"呼和浩特",
"cid":352
},
{
"id":165,
"name":"赤峰",
"cid":357
},
{
"id":184,
"name":"阿拉善盟",
"cid":362
},
{
"id":216,
"name":"乌海",
"cid":354
},
{
"id":227,
"name":"通辽",
"cid":356
},
{
"id":253,
"name":"乌兰察布",
"cid":355
},
{
"id":258,
"name":"锡林郭勒盟",
"cid":360
},
{
"id":296,
"name":"兴安盟",
"cid":361
},
{
"id":370,
"name":"呼伦贝尔",
"cid":351
},
{
"id":396,
"name":"巴彦淖尔市",
"cid":359
}
]
},
{
"id":6,
"name":"辽宁省",
"cities":[
{
"id":4,
"name":"鞍山",
"cid":30
},
{
"id":31,
"name":"大连",
"cid":29
},
{
"id":41,
"name":"盘锦",
"cid":39
},
{
"id":54,
"name":"抚顺",
"cid":31
},
{
"id":79,
"name":"沈阳",
"cid":27
},
{
"id":93,
"name":"阜新",
"cid":36
},
{
"id":114,
"name":"丹东",
"cid":33
},
{
"id":141,
"name":"本溪",
"cid":32
},
{
"id":150,
"name":"铁岭",
"cid":28
},
{
"id":177,
"name":"辽阳",
"cid":37
},
{
"id":226,
"name":"营口",
"cid":35
},
{
"id":269,
"name":"朝阳",
"cid":38
},
{
"id":278,
"name":"锦州",
"cid":34
},
{
"id":372,
"name":"葫芦岛",
"cid":40
}
]
},
{
"id":7,
"name":"吉林省",
"cities":[
{
"id":68,
"name":"长春",
"cid":41
},
{
"id":122,
"name":"吉林",
"cid":42
},
{
"id":147,
"name":"白城",
"cid":46
},
{
"id":156,
"name":"延边",
"cid":43
},
{
"id":188,
"name":"辽源",
"cid":47
},
{
"id":246,
"name":"通化",
"cid":45
},
{
"id":262,
"name":"白山",
"cid":49
},
{
"id":298,
"name":"松原",
"cid":48
},
{
"id":366,
"name":"四平",
"cid":44
}
]
},
{
"id":8,
"name":"黑龙江省",
"cities":[
{
"id":37,
"name":"哈尔滨",
"cid":50
},
{
"id":76,
"name":"牡丹江",
"cid":53
},
{
"id":81,
"name":"齐齐哈尔",
"cid":51
},
{
"id":96,
"name":"大庆",
"cid":62
},
{
"id":219,
"name":"佳木斯",
"cid":55
},
{
"id":232,
"name":"七台河",
"cid":54
},
{
"id":233,
"name":"鸡西",
"cid":52
},
{
"id":255,
"name":"绥化",
"cid":58
},
{
"id":259,
"name":"大兴安岭",
"cid":60
},
{
"id":319,
"name":"鹤岗",
"cid":56
},
{
"id":356,
"name":"伊春",
"cid":61
},
{
"id":367,
"name":"双鸭山",
"cid":57
},
{
"id":375,
"name":"黑河",
"cid":59
}
]
},
{
"id":9,
"name":"上海市",
"cities":[
{
"id":1,
"name":"上海",
"cid":3
}
]
},
{
"id":10,
"name":"江苏省",
"cities":[
{
"id":16,
"name":"南京",
"cid":63
},
{
"id":27,
"name":"无锡",
"cid":64
},
{
"id":47,
"name":"苏州",
"cid":66
},
{
"id":56,
"name":"扬州",
"cid":68
},
{
"id":60,
"name":"徐州",
"cid":70
},
{
"id":91,
"name":"盐城",
"cid":69
},
{
"id":102,
"name":"常州",
"cid":73
},
{
"id":105,
"name":"连云港",
"cid":72
},
{
"id":116,
"name":"南通",
"cid":67
},
{
"id":121,
"name":"泰州",
"cid":74
},
{
"id":203,
"name":"镇江",
"cid":65
},
{
"id":223,
"name":"淮安",
"cid":71
},
{
"id":239,
"name":"宿迁",
"cid":75
}
]
},
{
"id":11,
"name":"浙江省",
"cities":[
{
"id":9,
"name":"杭州",
"cid":78
},
{
"id":57,
"name":"宁波",
"cid":81
},
{
"id":63,
"name":"嘉兴",
"cid":80
},
{
"id":85,
"name":"金华",
"cid":85
},
{
"id":88,
"name":"温州",
"cid":83
},
{
"id":99,
"name":"衢州",
"cid":77
},
{
"id":100,
"name":"台州",
"cid":86
},
{
"id":154,
"name":"绍兴",
"cid":82
},
{
"id":166,
"name":"湖州",
"cid":79
},
{
"id":295,
"name":"丽水",
"cid":84
},
{
"id":302,
"name":"舟山",
"cid":76
}
]
},
{
"id":12,
"name":"安徽省",
"cities":[
{
"id":58,
"name":"安庆",
"cid":94
},
{
"id":64,
"name":"马鞍山",
"cid":91
},
{
"id":66,
"name":"阜阳",
"cid":97
},
{
"id":69,
"name":"合肥",
"cid":87
},
{
"id":118,
"name":"蚌埠",
"cid":89
},
{
"id":129,
"name":"宿州",
"cid":98
},
{
"id":144,
"name":"芜湖",
"cid":88
},
{
"id":164,
"name":"亳州",
"cid":101
},
{
"id":225,
"name":"宣城",
"cid":103
},
{
"id":254,
"name":"铜陵",
"cid":93
},
{
"id":284,
"name":"巢湖",
"cid":99
},
{
"id":289,
"name":"池州",
"cid":102
},
{
"id":299,
"name":"滁州",
"cid":96
},
{
"id":308,
"name":"六安",
"cid":100
},
{
"id":332,
"name":"淮南",
"cid":90
},
{
"id":337,
"name":"淮北",
"cid":92
},
{
"id":341,
"name":"黄山",
"cid":95
}
]
},
{
"id":13,
"name":"福建省",
"cities":[
{
"id":8,
"name":"福州",
"cid":104
},
{
"id":24,
"name":"泉州",
"cid":108
},
{
"id":28,
"name":"厦门",
"cid":105
},
{
"id":136,
"name":"莆田",
"cid":107
},
{
"id":140,
"name":"漳州",
"cid":109
},
{
"id":145,
"name":"宁德",
"cid":106
},
{
"id":178,
"name":"三明",
"cid":111
},
{
"id":212,
"name":"南平",
"cid":112
},
{
"id":231,
"name":"龙岩",
"cid":110
}
]
},
{
"id":14,
"name":"江西省",
"cities":[
{
"id":32,
"name":"南昌",
"cid":115
},
{
"id":59,
"name":"萍乡",
"cid":123
},
{
"id":111,
"name":"赣州",
"cid":121
},
{
"id":119,
"name":"抚州",
"cid":118
},
{
"id":158,
"name":"九江",
"cid":116
},
{
"id":170,
"name":"鹰潭",
"cid":113
},
{
"id":214,
"name":"宜春",
"cid":119
},
{
"id":241,
"name":"吉安",
"cid":120
},
{
"id":292,
"name":"景德镇",
"cid":122
},
{
"id":306,
"name":"新余",
"cid":114
},
{
"id":363,
"name":"上饶",
"cid":117
}
]
},
{
"id":15,
"name":"山东省",
"cities":[
{
"id":3,
"name":"济南",
"cid":125
},
{
"id":12,
"name":"日照",
"cid":138
},
{
"id":13,
"name":"青岛",
"cid":126
},
{
"id":19,
"name":"烟台",
"cid":129
},
{
"id":36,
"name":"济宁",
"cid":131
},
{
"id":55,
"name":"潍坊",
"cid":130
},
{
"id":61,
"name":"德州",
"cid":128
},
{
"id":73,
"name":"东营",
"cid":135
},
{
"id":77,
"name":"泰安",
"cid":132
},
{
"id":78,
"name":"滨州",
"cid":134
},
{
"id":83,
"name":"临沂",
"cid":133
},
{
"id":94,
"name":"聊城",
"cid":140
},
{
"id":98,
"name":"淄博",
"cid":127
},
{
"id":106,
"name":"威海",
"cid":136
},
{
"id":187,
"name":"枣庄",
"cid":137
},
{
"id":251,
"name":"菏泽",
"cid":124
},
{
"id":323,
"name":"莱芜",
"cid":139
}
]
},
{
"id":16,
"name":"河南省",
"cities":[
{
"id":10,
"name":"郑州",
"cid":142
},
{
"id":20,
"name":"平顶山",
"cid":146
},
{
"id":25,
"name":"洛阳",
"cid":150
},
{
"id":26,
"name":"安阳",
"cid":143
},
{
"id":67,
"name":"开封",
"cid":149
},
{
"id":86,
"name":"濮阳",
"cid":154
},
{
"id":89,
"name":"南阳",
"cid":148
},
{
"id":124,
"name":"新乡",
"cid":144
},
{
"id":173,
"name":"焦作",
"cid":152
},
{
"id":189,
"name":"许昌",
"cid":145
},
{
"id":210,
"name":"商丘",
"cid":141
},
{
"id":221,
"name":"周口",
"cid":155
},
{
"id":238,
"name":"驻马店",
"cid":157
},
{
"id":267,
"name":"漯河",
"cid":156
},
{
"id":285,
"name":"信阳",
"cid":147
},
{
"id":310,
"name":"三门峡",
"cid":158
},
{
"id":325,
"name":"鹤壁",
"cid":153
},
{
"id":329,
"name":"济源",
"cid":151
}
]
},
{
"id":17,
"name":"湖北省",
"cities":[
{
"id":15,
"name":"武汉",
"cid":159
},
{
"id":43,
"name":"恩施",
"cid":168
},
{
"id":62,
"name":"鄂州",
"cid":161
},
{
"id":72,
"name":"宜昌",
"cid":167
},
{
"id":155,
"name":"孝感",
"cid":162
},
{
"id":176,
"name":"十堰",
"cid":170
},
{
"id":206,
"name":"荆州",
"cid":166
},
{
"id":237,
"name":"黄石",
"cid":164
},
{
"id":247,
"name":"潜江",
"cid":175
},
{
"id":277,
"name":"天门",
"cid":174
},
{
"id":286,
"name":"黄冈",
"cid":163
},
{
"id":307,
"name":"荆门",
"cid":172
},
{
"id":316,
"name":"仙桃",
"cid":173
},
{
"id":326,
"name":"咸宁",
"cid":165
},
{
"id":327,
"name":"随州",
"cid":171
},
{
"id":371,
"name":"神农架",
"cid":169
},
{
"id":378,
"name":"襄樊市",
"cid":160
}
]
},
{
"id":18,
"name":"湖南省",
"cities":[
{
"id":33,
"name":"长沙",
"cid":177
},
{
"id":84,
"name":"湘潭",
"cid":178
},
{
"id":110,
"name":"岳阳",
"cid":176
},
{
"id":112,
"name":"株洲",
"cid":179
},
{
"id":135,
"name":"常德",
"cid":182
},
{
"id":137,
"name":"衡阳",
"cid":180
},
{
"id":149,
"name":"郴州",
"cid":181
},
{
"id":264,
"name":"永州",
"cid":189
},
{
"id":270,
"name":"怀化",
"cid":188
},
{
"id":271,
"name":"张家界",
"cid":187
},
{
"id":275,
"name":"邵阳",
"cid":185
},
{
"id":315,
"name":"湘西",
"cid":186
},
{
"id":346,
"name":"娄底",
"cid":184
},
{
"id":350,
"name":"益阳",
"cid":183
}
]
},
{
"id":19,
"name":"广东省",
"cities":[
{
"id":2,
"name":"广州",
"cid":190
},
{
"id":14,
"name":"东莞",
"cid":210
},
{
"id":22,
"name":"深圳",
"cid":200
},
{
"id":29,
"name":"珠海",
"cid":201
},
{
"id":34,
"name":"茂名",
"cid":194
},
{
"id":38,
"name":"佛山",
"cid":202
},
{
"id":65,
"name":"中山",
"cid":205
},
{
"id":75,
"name":"江门",
"cid":196
},
{
"id":107,
"name":"汕头",
"cid":199
},
{
"id":115,
"name":"清远",
"cid":207
},
{
"id":120,
"name":"梅州",
"cid":198
},
{
"id":123,
"name":"惠州",
"cid":195
},
{
"id":139,
"name":"揭阳",
"cid":193
},
{
"id":146,
"name":"湛江",
"cid":204
},
{
"id":169,
"name":"肇庆",
"cid":203
},
{
"id":204,
"name":"韶关",
"cid":197
},
{
"id":283,
"name":"阳江",
"cid":192
},
{
"id":313,
"name":"潮州",
"cid":209
},
{
"id":322,
"name":"汕尾",
"cid":191
},
{
"id":355,
"name":"云浮",
"cid":208
},
{
"id":373,
"name":"河源",
"cid":206
}
]
},
{
"id":20,
"name":"海南省",
"cities":[
{
"id":48,
"name":"海口",
"cid":255
},
{
"id":280,
"name":"三亚",
"cid":256
},
{
"id":282,
"name":"五指山",
"cid":257
},
{
"id":379,
"name":"琼海市",
"cid":258
},
{
"id":380,
"name":"儋州市",
"cid":259
},
{
"id":381,
"name":"文昌市",
"cid":260
},
{
"id":382,
"name":"万宁市",
"cid":261
},
{
"id":383,
"name":"东方市",
"cid":262
},
{
"id":384,
"name":"澄迈县",
"cid":263
},
{
"id":385,
"name":"定安县",
"cid":264
},
{
"id":386,
"name":"屯昌县",
"cid":265
},
{
"id":387,
"name":"临高县",
"cid":266
},
{
"id":388,
"name":"白沙黎族自治县",
"cid":267
},
{
"id":389,
"name":"昌江黎族自治县",
"cid":268
},
{
"id":390,
"name":"乐东黎族自治县",
"cid":269
},
{
"id":391,
"name":"陵水黎族自治县",
"cid":270
},
{
"id":392,
"name":"保亭黎族苗族自治县",
"cid":271
},
{
"id":393,
"name":"琼中黎族苗族自治县",
"cid":272
}
]
},
{
"id":21,
"name":"广西壮族自治区",
"cities":[
{
"id":49,
"name":"桂林",
"cid":312
},
{
"id":70,
"name":"南宁",
"cid":308
},
{
"id":74,
"name":"贵港",
"cid":315
},
{
"id":128,
"name":"钦州",
"cid":318
},
{
"id":131,
"name":"防城港",
"cid":307
},
{
"id":161,
"name":"梧州",
"cid":313
},
{
"id":263,
"name":"柳州",
"cid":311
},
{
"id":276,
"name":"百色",
"cid":317
},
{
"id":290,
"name":"河池",
"cid":319
},
{
"id":291,
"name":"北海",
"cid":320
},
{
"id":317,
"name":"崇左",
"cid":309
},
{
"id":324,
"name":"玉林",
"cid":316
},
{
"id":357,
"name":"来宾",
"cid":310
},
{
"id":374,
"name":"贺州",
"cid":314
}
]
},
{
"id":22,
"name":"甘肃省",
"cities":[
{
"id":17,
"name":"兰州",
"cid":211
},
{
"id":82,
"name":"平凉",
"cid":218
},
{
"id":172,
"name":"天水",
"cid":214
},
{
"id":191,
"name":"庆阳",
"cid":220
},
{
"id":217,
"name":"甘南",
"cid":224
},
{
"id":242,
"name":"定西",
"cid":221
},
{
"id":248,
"name":"临夏",
"cid":223
},
{
"id":252,
"name":"金昌",
"cid":212
},
{
"id":268,
"name":"白银",
"cid":213
},
{
"id":274,
"name":"武威",
"cid":216
},
{
"id":311,
"name":"嘉峪关",
"cid":215
},
{
"id":320,
"name":"酒泉",
"cid":219
},
{
"id":343,
"name":"张掖",
"cid":217
},
{
"id":353,
"name":"陇南",
"cid":222
}
]
},
{
"id":23,
"name":"陕西省",
"cities":[
{
"id":18,
"name":"西安",
"cid":297
},
{
"id":23,
"name":"延安",
"cid":299
},
{
"id":71,
"name":"安康",
"cid":303
},
{
"id":104,
"name":"宝鸡",
"cid":305
},
{
"id":185,
"name":"渭南",
"cid":301
},
{
"id":202,
"name":"汉中",
"cid":304
},
{
"id":218,
"name":"铜川",
"cid":306
},
{
"id":240,
"name":"榆林",
"cid":300
},
{
"id":266,
"name":"咸阳",
"cid":298
},
{
"id":348,
"name":"商洛",
"cid":302
}
]
},
{
"id":24,
"name":"新 疆维吾尔自治区",
"cities":[
{
"id":42,
"name":"克拉玛依",
"cid":339
},
{
"id":80,
"name":"乌鲁木齐",
"cid":340
},
{
"id":92,
"name":"喀什",
"cid":348
},
{
"id":108,
"name":"阿克苏",
"cid":346
},
{
"id":109,
"name":"克孜勒苏",
"cid":337
},
{
"id":134,
"name":"阿拉尔",
"cid":347
},
{
"id":179,
"name":"吐鲁番",
"cid":344
},
{
"id":199,
"name":"巴音郭楞",
"cid":345
},
{
"id":200,
"name":"图木舒克",
"cid":349
},
{
"id":213,
"name":"博尔塔拉",
"cid":338
},
{
"id":230,
"name":"五家渠",
"cid":343
},
{
"id":235,
"name":"昌吉",
"cid":342
},
{
"id":300,
"name":"哈密",
"cid":334
},
{
"id":331,
"name":"伊犁",
"cid":350
},
{
"id":333,
"name":"石河子",
"cid":341
},
{
"id":347,
"name":"和田",
"cid":335
},
{
"id":394,
"name":"塔城地区",
"cid":333
},
{
"id":395,
"name":"阿勒泰地区",
"cid":336
}
]
},
{
"id":25,
"name":"青海省",
"cities":[
{
"id":162,
"name":"西宁",
"cid":290
},
{
"id":207,
"name":"果洛",
"cid":294
},
{
"id":342,
"name":"玉树",
"cid":295
},
{
"id":352,
"name":"黄南",
"cid":292
},
{
"id":358,
"name":"海西",
"cid":296
},
{
"id":362,
"name":"海南",
"cid":293
},
{
"id":365,
"name":"海东",
"cid":291
},
{
"id":369,
"name":"海北",
"cid":289
}
]
},
{
"id":26,
"name":"宁夏回族自治区",
"cities":[
{
"id":95,
"name":"固原",
"cid":331
},
{
"id":127,
"name":"银川",
"cid":328
},
{
"id":249,
"name":"吴忠",
"cid":330
},
{
"id":340,
"name":"中卫",
"cid":332
},
{
"id":359,
"name":"石嘴山",
"cid":329
}
]
},
{
"id":27,
"name":"重庆市",
"cities":[
{
"id":52,
"name":"重庆",
"cid":4
}
]
},
{
"id":28,
"name":"四川省",
"cities":[
{
"id":7,
"name":"绵阳",
"cid":228
},
{
"id":11,
"name":"成都",
"cid":225
},
{
"id":113,
"name":"攀枝花",
"cid":226
},
{
"id":130,
"name":"内江",
"cid":237
},
{
"id":142,
"name":"眉山",
"cid":239
},
{
"id":151,
"name":"广安",
"cid":232
},
{
"id":157,
"name":"乐山",
"cid":238
},
{
"id":163,
"name":"广元",
"cid":245
},
{
"id":167,
"name":"南充",
"cid":229
},
{
"id":168,
"name":"阿坝",
"cid":243
},
{
"id":181,
"name":"甘孜",
"cid":242
},
{
"id":182,
"name":"德阳",
"cid":244
},
{
"id":228,
"name":"达州",
"cid":230
},
{
"id":229,
"name":"巴中",
"cid":233
},
{
"id":256,
"name":"宜宾",
"cid":235
},
{
"id":257,
"name":"自贡",
"cid":227
},
{
"id":279,
"name":"泸州",
"cid":234
},
{
"id":281,
"name":"资阳",
"cid":236
},
{
"id":339,
"name":"雅安",
"cid":241
},
{
"id":344,
"name":"遂宁",
"cid":231
},
{
"id":345,
"name":"凉山",
"cid":240
}
]
},
{
"id":29,
"name":"贵州省",
"cities":[
{
"id":39,
"name":"贵阳",
"cid":246
},
{
"id":171,
"name":"黔东南",
"cid":250
},
{
"id":198,
"name":"安顺",
"cid":248
},
{
"id":209,
"name":"黔南",
"cid":249
},
{
"id":222,
"name":"黔西南",
"cid":254
},
{
"id":273,
"name":"铜仁",
"cid":251
},
{
"id":294,
"name":"遵义",
"cid":247
},
{
"id":304,
"name":"毕节",
"cid":252
},
{
"id":360,
"name":"六盘水",
"cid":253
}
]
},
{
"id":30,
"name":"云南省",
"cities":[
{
"id":6,
"name":"昆明",
"cid":276
},
{
"id":152,
"name":"曲靖",
"cid":279
},
{
"id":153,
"name":"大理",
"cid":277
},
{
"id":160,
"name":"普洱",
"cid":284
},
{
"id":183,
"name":"保山",
"cid":280
},
{
"id":192,
"name":"怒江",
"cid":286
},
{
"id":193,
"name":"玉溪",
"cid":282
},
{
"id":201,
"name":"文山",
"cid":281
},
{
"id":208,
"name":"迪庆",
"cid":287
},
{
"id":215,
"name":"楚雄",
"cid":283
},
{
"id":224,
"name":"德宏",
"cid":274
},
{
"id":244,
"name":"西双版纳",
"cid":273
},
{
"id":305,
"name":"丽江",
"cid":288
},
{
"id":309,
"name":"红河",
"cid":278
},
{
"id":334,
"name":"昭通",
"cid":275
},
{
"id":335,
"name":"临沧",
"cid":285
}
]
},
{
"id":31,
"name":"西藏自治区",
"cities":[
{
"id":30,
"name":"日喀则",
"cid":322
},
{
"id":159,
"name":"阿里",
"cid":327
},
{
"id":195,
"name":"拉萨",
"cid":321
},
{
"id":205,
"name":"那曲",
"cid":326
},
{
"id":261,
"name":"昌都",
"cid":325
},
{
"id":336,
"name":"山南",
"cid":323
},
{
"id":338,
"name":"林芝",
"cid":324
}
]
},
{
"id":32,
"name":"台湾省",
"cities":[
{
"id":397,
"name":"台北市",
"cid":363
},
{
"id":398,
"name":"高雄市",
"cid":364
},
{
"id":399,
"name":"基隆市",
"cid":365
},
{
"id":400,
"name":"台中市",
"cid":366
},
{
"id":401,
"name":"台南市",
"cid":367
},
{
"id":402,
"name":"新竹市",
"cid":368
},
{
"id":403,
"name":"嘉义市",
"cid":369
}
]
},
{
"id":33,
"name":"澳门特别行政区",
"cities":[
{
"id":101,
"name":"澳门",
"cid":370
}
]
},
{
"id":34,
"name":"香港特别行政区",
"cities":[
{
"id":194,
"name":"香港",
"cid":371
}
]
},
{
"id":35,
"name":"海外",
"cities":[
{
"id":405,
"name":"海外",
"cid":405
}
]
}
]
}