{"status":{"RetCode":0,"msg":"success"},"data":{"list":[{"id":"186","name":"\u7ea2\u8272","rgb":"255,93,94"},{"id":"187","name":"\u7c89\u7ea2","rgb":"255,158,215"},{"id":"189","name":"\u9ec4\u8272","rgb":"255,194,60"},{"id":"190","name":"\u7eff\u8272","rgb":"128,208,137"},{"id":"191","name":"\u84dd\u8272","rgb":"125,217,255"},{"id":"193","name":"\u7d2b\u8272","rgb":"215,148,254"},{"id":"194","name":"\u91d1\u8272","rgb":"211,185,109"},{"id":"195","name":"\u767d\u8272","rgb":"255,255,255"}],"total_count":"8"}}