[
  {
    "id": "12",
    "name": "FZLanTingHei-DB-GBK",
    "logo": null,
    "url": "http://7u2in3.com1.z0.glb.clouddn.com/FZLanTingHei-DB-GBK.TTF",
    "size": "7330.00",
    "deleted": "0",
    "created_at": null,
    "updated_at": null
  },
  {
    "id": "11",
    "name": "FZQiTi-S14S",
    "logo": "http:\/\/7u2nhk.com1.z0.glb.clouddn.com\/FZQiTi-S14S.png",
    "url": "http:\/\/7u2nhk.com1.z0.glb.clouddn.com\/FZQiTi-S14S.ttf",
    "size": "6420.48",
    "deleted": "0",
    "created_at": null,
    "updated_at": null
  },
  {
    "id": "10",
    "name": "FZSong III-Z05S",
    "logo": "http:\/\/7u2nhk.com1.z0.glb.clouddn.com\/FZSong%20III-Z05S.png",
    "url": "http:\/\/7u2nhk.com1.z0.glb.clouddn.com\/FZSong%20III-Z05S.TTF",
    "size": "4812.80",
    "deleted": "0",
    "created_at": null,
    "updated_at": null
  },
  {
    "id": "9",
    "name": "FZLanTingHeiS-EL-GB",
    "logo": "http:\/\/7u2nhk.com1.z0.glb.clouddn.com\/FZLanTingHeiS-EL-GB.png",
    "url": "http:\/\/7u2nhk.com1.z0.glb.clouddn.com\/FZLanTingHeiS-EL-GB.ttf",
    "size": "2355.20",
    "deleted": "0",
    "created_at": null,
    "updated_at": null
  },
  {
    "id": "8",
    "name": "FZYouXian-Z09S",
    "logo": "http:\/\/7u2nhk.com1.z0.glb.clouddn.com\/FZYouXian-Z09S.png",
    "url": "http:\/\/7u2nhk.com1.z0.glb.clouddn.com\/FZYouXian-Z09S.ttf",
    "size": "1945.60",
    "deleted": "0",
    "created_at": null,
    "updated_at": null
  },
  {
    "id": "7",
    "name": "FZYingBiXingShu-S16S",
    "logo": "http:\/\/7u2nhk.com1.z0.glb.clouddn.com\/FZYingBiXingShu-S16S.png",
    "url": "http:\/\/7u2nhk.com1.z0.glb.clouddn.com\/FZYingBiXingShu-S16S.ttf",
    "size": "6041.60",
    "deleted": "0",
    "created_at": null,
    "updated_at": null
  },
  {
    "id": "6",
    "name": "SnellRoundhand Script",
    "logo": "http:\/\/7u2nhk.com1.z0.glb.clouddn.com\/SnellRoundhand%20Script.png",
    "url": "http:\/\/7u2nhk.com1.z0.glb.clouddn.com\/SnellRoundhand%20Script.ttf",
    "size": "72.26",
    "deleted": "0",
    "created_at": null,
    "updated_at": null
  },
  {
    "id": "5",
    "name": "FZFengYaSongS-GB",
    "logo": "http:\/\/7u2nhk.com1.z0.glb.clouddn.com\/FZFengYaSongS-GB.png",
    "url": "http:\/\/7u2nhk.com1.z0.glb.clouddn.com\/FZFengYaSongS-GB.ttf",
    "size": "5058.56",
    "deleted": "0",
    "created_at": null,
    "updated_at": null
  },
  {
    "id": "4",
    "name": "FZQingKeBenYueSongS-R-GB",
    "logo": "http:\/\/7u2nhk.com1.z0.glb.clouddn.com\/FZQingKeBenYueSongS-R-GB.png",
    "url": "http:\/\/7u2nhk.com1.z0.glb.clouddn.com\/FZQingKeBenYueSongS-R-GB.ttf",
    "size": "3072.00",
    "deleted": "0",
    "created_at": null,
    "updated_at": null
  },
  {
    "id": "3",
    "name": "LainieDaySH",
    "logo": "http:\/\/7u2nhk.com1.z0.glb.clouddn.com\/LainieDaySH.png",
    "url": "http:\/\/7u2nhk.com1.z0.glb.clouddn.com\/LainieDaySH.ttf",
    "size": "32.61",
    "deleted": "0",
    "created_at": null,
    "updated_at": null
  },
  {
    "id": "2",
    "name": "FZKai-Z03S",
    "logo": "http:\/\/7u2nhk.com1.z0.glb.clouddn.com\/FZKai-Z03S.png",
    "url": "http:\/\/7u2nhk.com1.z0.glb.clouddn.com\/FZKai-Z03S.ttf",
    "size": "3829.76",
    "deleted": "0",
    "created_at": null,
    "updated_at": null
  },
  {
    "id": "1",
    "name": "FZJingLeiS-R-GB",
    "logo": "http:\/\/7u2nhk.com3.z0.glb.qiniucdn.com\/%E6%96%B9%E6%AD%A3%E9%9D%99%E8%95%BE%E7%AE%80%E4%BD%93@3x.png",
    "url": "http:\/\/7u2nhk.com3.z0.glb.qiniucdn.com\/FZJingLeiS-R-GB.ttf",
    "size": "6553.60",
    "deleted": "0",
    "created_at": null,
    "updated_at": null
  }
]