{
  "properties": [
    {
      "id": "2",
      "name": "\u5a5a\u793c\u7b56\u5212",
      "children": [
        {
          "id": 4,
          "name": "\u7701\u5fc3\u4f18\u9009",
          "desc": "\u975e\u5b9a\u5236\u5957\u9910\u7c7b"
        },
        {
          "id": 5,
          "name": "\u9ad8\u7aef\u5b9a\u5236",
          "desc": "\u4e2a\u6027\u5316\u5b9a\u5236\u5957\u9910"
        }
      ],
      "icon": "http:\/\/qnm.hunliji.com\/o_1aqtqg3a71bferda6ce8341udjo.png"
    },
    {
      "id": "6",
      "name": "\u5a5a\u7eb1\u6444\u5f71",
      "children": [
        {
          "id": 1,
          "name": "\u5f71\u697c"
        },
        {
          "id": 2,
          "name": "\u5de5\u4f5c\u5ba4"
        },
        {
          "id": 3,
          "name": "\u72ec\u7acb\u6444\u5f71\u5e08"
        }
      ],
      "icon": "http:\/\/qnm.hunliji.com\/o_1aqtqg3a71gqkgcfj4d1mig19lmu.png"
    },
    {
      "id": "12",
      "name": "\u5a5a\u7eb1\u793c\u670d",
      "children": [
        {
          "id": 6,
          "name": "\u5973\u58eb\u5a5a\u7eb1"
        },
        {
          "id": 7,
          "name": "\u7537\u58eb\u793c\u670d"
        }
      ],
      "icon": "http:\/\/qnm.hunliji.com\/o_1aqtqg3a71uirkb91p6k1r31a0kt.png"
    },
    {
      "id": "7",
      "name": "\u5a5a\u793c\u6444\u5f71",
      "children": null,
      "icon": "http:\/\/qnm.hunliji.com\/o_1aqtqg3a71lq84lllab9gghscq.png"
    },
    {
      "id": "8",
      "name": "\u5a5a\u793c\u6444\u50cf",
      "children": null,
      "icon": "http:\/\/qnm.hunliji.com\/o_1aqtqg3a7uo1oultg11ifavlpr.png"
    },
    {
      "id": "9",
      "name": "\u5a5a\u793c\u8ddf\u5986",
      "children": null,
      "icon": "http:\/\/qnm.hunliji.com\/o_1aqtqg3a71dae1mcc1s1kv2fbhp.png"
    },
    {
      "id": "11",
      "name": "\u5a5a\u793c\u53f8\u4eea",
      "children": null,
      "icon": "http:\/\/qnm.hunliji.com\/o_1aqtqg3a7srs14o11jclv8l1p8ns.png"
    },
    {
      "id": "13",
      "name": "\u5a5a\u5bb4\u9152\u5e97",
      "children": [
        {
          "id": 8,
          "name": "\u7279\u8272\u9152\u5e97"
        },
        {
          "id": 9,
          "name": "\u5962\u534e\u4e94\u661f"
        },
        {
          "id": 10,
          "name": "\u8c6a\u534e\u56db\u661f"
        },
        {
          "id": 11,
          "name": "\u4e00\u7ad9\u5f0f\u4f1a\u6240"
        }
      ],
      "icon": "http:\/\/qnm.hunliji.com\/o_1aqtqg3a71f9777t1lbn1d93d42v.png"
    },
    {
      "id": "14",
      "name": "\u5a5a\u6212\u9996\u9970",
      "children": null,
      "icon": "http:\/\/qnm.hunliji.com\/o_1aqtq5lki1q3b1fac12ih18ct1uhh7.png"
    },
    {
      "id": "15",
      "name": "\u82b1\u827a\u751c\u54c1",
      "children": [
        {
          "id": 12,
          "name": "\u82b1\u827a"
        },
        {
          "id": 13,
          "name": "\u751c\u54c1"
        }
      ],
      "icon": "http:\/\/qnm.hunliji.com\/o_1aqtq6g3m2319dr1io11pb51apkc.png"
    }
  ],
  "area": [],
  "sort": [
    {
      "name": "\u9ed8\u8ba4\u6392\u5e8f",
      "value": "default"
    },
    {
      "name": "\u559c\u6b22\u6700\u591a",
      "value": "fan"
    },
    {
      "name": "\u4f5c\u54c1\u6700\u591a",
      "value": "work"
    }
  ],
  "hotel": {
    "price": [
      "100",
      "3000",
      "5000",
      "6000+"
    ],
    "table": [
      {
        "max": 10
      },
      {
        "min": 10,
        "max": 20
      },
      {
        "min": 20,
        "max": 30
      },
      {
        "min": 30,
        "max": 40
      },
      {
        "min": 40,
        "max": 50
      },
      {
        "min": 50
      }
    ],
    "sort": [
      {
        "name": "\u9ed8\u8ba4\u6392\u5e8f",
        "value": "default"
      },
      {
        "name": "\u559c\u6b22\u6700\u591a",
        "value": "fan"
      },
      {
        "name": "\u4ef7\u683c\u4ece\u4f4e\u5230\u9ad8",
        "value": "price_up"
      },
      {
        "name": "\u4ef7\u683c\u4ece\u9ad8\u5230\u4f4e",
        "value": "price_down"
      },
      {
        "name": "\u684c\u6570\u4ece\u4f4e\u5230\u9ad8",
        "value": "table_up"
      },
      {
        "name": "\u684c\u6570\u4ece\u9ad8\u5230\u4f4e",
        "value": "table_down"
      }
    ]
  }
}
