{"musics":[{"name":"Touch Love","audio_path":"http://marry.qiniudn.com/Touch%20Love.mp3","cover":"http://marry.qiniudn.com/Touch%20Love.jpg","m3u8_path":"http://marry.qiniudn.com/Touch%20Love.m3u8"},
{"name":"This Is Love","audio_path":"http://marry.qiniudn.com/This%20Is%20Love.mp3","cover":"http://marry.qiniudn.com/This%20Is%20Love.jpg","m3u8_path":"http://marry.qiniudn.com/This%20Is%20Love.m3u8"},
{"name":"Officially Missing You","audio_path":"http://marry.qiniudn.com/Officially%20Missing%20You.mp3","cover":"http://marry.qiniudn.com/Officially%20Missing%20You.jpg","m3u8_path":"http://marry.qiniudn.com/Officially%20Missing%20You.m3u8"},
{"name":"Anniversaries","audio_path":"http://marry.qiniudn.com/Anniversaries.mp3","cover":"http://marry.qiniudn.com/Anniversaries.jpg","m3u8_path":"http://marry.qiniudn.com/Anniversaries.m3u8"},
{"name":"我喜欢","audio_path":"http://marry.qiniudn.com/%E6%88%91%E5%96%9C%E6%AC%A2.mp3","cover":"http://marry.qiniudn.com/%E6%88%91%E5%96%9C%E6%AC%A2.jpg","m3u8_path":"http://marry.qiniudn.com/%E6%88%91%E5%96%9C%E6%AC%A2.m3u8"},
{"name":"I Do","audio_path":"http://marry.qiniudn.com/I%20Do.mp3","cover":"http://marry.qiniudn.com/I%20Do.jpg","m3u8_path":"http://marry.qiniudn.com/I%20Do.m3u8"},
{"name":"I Need A Girl","audio_path":"http://marry.qiniudn.com/I%20Need%20A%20Girl.mp3","cover":"http://marry.qiniudn.com/I%20Need%20A%20Girl.jpg","m3u8_path":"http://marry.qiniudn.com/I%20Need%20A%20Girl.m3u8"},
{"name":"I'll Be Your Man","audio_path":"http://marry.qiniudn.com/I'll%20Be%20Your%20Man.mp3","cover":"http://marry.qiniudn.com/I'll%20Be%20Your%20Man.jpg","m3u8_path":"http://marry.qiniudn.com/I'll%20Be%20Your%20Man.m3u8"},
{"name":"Love Has It All","audio_path":"http://marry.qiniudn.com/Love%20Has%20It%20All.mp3","cover":"http://marry.qiniudn.com/Love%20Has%20It%20All.jpg","m3u8_path":"http://marry.qiniudn.com/Love%20Has%20It%20All.m3u8"},
{"name":"Marry You","audio_path":"http://marry.qiniudn.com/Marry%20You.mp3","cover":"http://marry.qiniudn.com/Marry%20You.jpg","m3u8_path":"http://marry.qiniudn.com/Marry%20You.m3u8"},
{"name":"土耳其进行曲","audio_path":"http://marry.qiniudn.com/%E5%9C%9F%E8%80%B3%E5%85%B6%E8%BF%9B%E8%A1%8C%E6%9B%B2.mp3","cover":"http://marry.qiniudn.com/%E5%9C%9F%E8%80%B3%E5%85%B6%E8%BF%9B%E8%A1%8C%E6%9B%B2.jpg","m3u8_path":"http://marry.qiniudn.com/%E5%9C%9F%E8%80%B3%E5%85%B6%E8%BF%9B%E8%A1%8C%E6%9B%B2.m3u8"},
{"name":"Everybody","audio_path":"http://marry.qiniudn.com/Everybody.mp3","cover":"http://marry.qiniudn.com/Everybody.jpg","m3u8_path":"http://marry.qiniudn.com/Everybody.m3u8"},
{"name":"Paradise","audio_path":"http://marry.qiniudn.com/Paradise.mp3","cover":"http://marry.qiniudn.com/Paradise.jpg","m3u8_path":"http://marry.qiniudn.com/Paradise.m3u8"},
{"name":"Wedding March","audio_path":"http://marry.qiniudn.com/Wedding%20March.mp3","cover":"http://marry.qiniudn.com/Wedding%20March.jpg","m3u8_path":"http://marry.qiniudn.com/Wedding%20March.m3u8"},
{"name":"Could This Be Love","audio_path":"http://marry.qiniudn.com/Could%20This%20Be%20Love.mp3","cover":"http://marry.qiniudn.com/Could%20This%20Be%20Love.jpg","m3u8_path":"http://marry.qiniudn.com/Could%20This%20Be%20Love.m3u8"}]}