[
  {
    "id": "2",
    "name": "\u5a5a\u793c\u7b56\u5212",
    "children": [
      {
        "id": 4,
        "name": "\u7701\u5fc3\u4f18\u9009",
        "desc": "\u975e\u5b9a\u5236\u5957\u9910\u7c7b"
      },
      {
        "id": 5,
        "name": "\u9ad8\u7aef\u5b9a\u5236",
        "desc": "\u4e2a\u6027\u5316\u5b9a\u5236\u5957\u9910"
      }
    ],
    "icon": "http:\/\/qnm.hunliji.com\/o_1ag9c0qed1u5m1d85s81im5c1pi.png"
  },
  {
    "id": "6",
    "name": "\u5a5a\u7eb1\u6444\u5f71",
    "children": [
      {
        "id": 1,
        "name": "\u5f71\u697c"
      },
      {
        "id": 2,
        "name": "\u5de5\u4f5c\u5ba4"
      },
      {
        "id": 3,
        "name": "\u72ec\u7acb\u6444\u5f71\u5e08"
      }
    ],
    "icon": "http:\/\/qnm.hunliji.com\/o_1ag9c0qee9f21uvn1e64k4h1hm6k.png"
  },
  {
    "id": "12",
    "name": "\u5a5a\u7eb1\u793c\u670d",
    "children": [
      {
        "id": 6,
        "name": "\u5973\u58eb\u5a5a\u7eb1"
      },
      {
        "id": 7,
        "name": "\u7537\u58eb\u793c\u670d"
      }
    ],
    "icon": "http:\/\/qnm.hunliji.com\/o_1ag9c0qee1qg7181p1pmd1rlogn6j.png"
  },
  {
    "id": "7",
    "name": "\u5a5a\u793c\u6444\u5f71",
    "children": null,
    "icon": "http:\/\/qnm.hunliji.com\/o_1ag9c0qee9vlh72v611605r78n.png"
  },
  {
    "id": "8",
    "name": "\u5a5a\u793c\u6444\u50cf",
    "children": null,
    "icon": "http:\/\/qnm.hunliji.com\/o_1ag9c0qeesmh5mr17f41263uedm.png"
  },
  {
    "id": "9",
    "name": "\u5a5a\u793c\u8ddf\u5986",
    "children": null,
    "icon": "http:\/\/qnm.hunliji.com\/o_1ag9bvjk29o6i54bdo1lf7nq37.png"
  },
  {
    "id": "11",
    "name": "\u5a5a\u793c\u53f8\u4eea",
    "children": null,
    "icon": "http:\/\/qnm.hunliji.com\/o_1ag9c0qee11mgqmd514pd01pdho.png"
  },
  {
    "id": "13",
    "name": "\u5a5a\u5bb4\u9152\u5e97",
    "children": [
      {
        "id": 8,
        "name": "\u7279\u8272\u9152\u5e97"
      },
      {
        "id": 9,
        "name": "\u5962\u534e\u4e94\u661f"
      },
      {
        "id": 10,
        "name": "\u8c6a\u534e\u56db\u661f"
      },
      {
        "id": 11,
        "name": "\u4e00\u7ad9\u5f0f\u4f1a\u6240"
      }
    ],
    "icon": "http:\/\/qnm.hunliji.com\/o_1ag9c0qee1d5310vh131p1g3lq8gl.png"
  }
]