[
  {
    "id": "1",
    "name": "婚纱礼服",
    "children": [
      {
        "id": "243",
        "name": "婚纱",
        "children": [
          {
            "id": "270",
            "name": "齐地"
          },
          {
            "id": "271",
            "name": "拖尾"
          }
        ]
      },
      {
        "id": "278",
        "name": "礼服",
        "children": [
          {
            "id": "244",
            "name": "晚礼服"
          },
          {
            "id": "245",
            "name": "旗袍"
          },
          {
            "id": "246",
            "name": "秀禾服"
          },
          {
            "id": "247",
            "name": "龙凤褂"
          },
          {
            "id": "279",
            "name": "回门服"
          },
          {
            "id": "280",
            "name": "伴娘服"
          }
        ]
      },
      {
        "id": "275",
        "name": "男士礼服",
        "children": [
          {
            "id": "276",
            "name": "西式礼服"
          },
          {
            "id": "277",
            "name": "中式礼服"
          }
        ]
      }
    ]
  },
  {
    "id": "2",
    "name": "婚鞋箱包",
    "children": [
      {
        "id": "163",
        "name": "女鞋",
        "children": [
          {
            "id": "281",
            "name": "高跟鞋"
          },
          {
            "id": "282",
            "name": "单鞋"
          },
          {
            "id": "283",
            "name": "靴子"
          },
          {
            "id": "288",
            "name": "拖鞋"
          }
        ]
      },
      {
        "id": "284",
        "name": "男鞋"
      },
      {
        "id": "173",
        "name": "婚包"
      },
      {
        "id": "285",
        "name": "行李箱"
      }
    ]
  },
  {
    "id": "80",
    "name": "婚礼百货",
    "children": [
      {
        "id": "86",
        "name": "红包"
      },
      {
        "id": "91",
        "name": "请柬"
      },
      {
        "id": "229",
        "name": "婚礼用品"
      },
      {
        "id": "286",
        "name": "新娘嫁妆"
      },
      {
        "id": "287",
        "name": "婚车装饰"
      },
      {
        "id": "227",
        "name": "胸花"
      }
    ]
  },
  {
    "id": "248",
    "name": "内衣文胸",
    "children": [
      {
        "id": "289",
        "name": "内衣",
        "children": [
          {
            "id": "250",
            "name": "胸贴"
          },
          {
            "id": "251",
            "name": "文胸"
          },
          {
            "id": "252",
            "name": "塑身衣"
          },
          {
            "id": "253",
            "name": "内裤"
          },
          {
            "id": "290",
            "name": "隐形内衣"
          }
        ]
      },
      {
        "id": "152",
        "name": "睡衣"
      },
      {
        "id": "261",
        "name": "情趣"
      },
      {
        "id": "291",
        "name": "其他",
        "children": [
          {
            "id": "292",
            "name": "其他"
          },
          {
            "id": "254",
            "name": "袜子"
          }
        ]
      }
    ]
  },
  {
    "id": "6",
    "name": "喜糖喜酒",
    "children": [
      {
        "id": "293",
        "name": "喜糖",
        "children": [
          {
            "id": "237",
            "name": "散装喜糖"
          },
          {
            "id": "294",
            "name": "成品喜糖"
          },
          {
            "id": "241",
            "name": "干果"
          }
        ]
      },
      {
        "id": "239",
        "name": "喜饼"
      },
      {
        "id": "240",
        "name": "喜酒"
      },
      {
        "id": "242",
        "name": "伴手礼"
      },
      {
        "id": "81",
        "name": "喜糖盒"
      }
    ]
  },
  {
    "id": "249",
    "name": "首饰配饰",
    "children": [
      {
        "id": "303",
        "name": "新娘首饰",
        "children": [
          {
            "id": "304",
            "name": "中式套装"
          },
          {
            "id": "234",
            "name": "头饰"
          },
          {
            "id": "305",
            "name": "耳饰"
          },
          {
            "id": "306",
            "name": "项链"
          },
          {
            "id": "260",
            "name": "西式套装"
          },
          {
            "id": "307",
            "name": "戒指"
          }
        ]
      },
      {
        "id": "308",
        "name": "服装配饰",
        "children": [
          {
            "id": "256",
            "name": "披肩"
          },
          {
            "id": "257",
            "name": "头纱手套"
          },
          {
            "id": "258",
            "name": "领结领带"
          },
          {
            "id": "309",
            "name": "胸花手花"
          },
          {
            "id": "310",
            "name": "挂饰"
          }
        ]
      }
    ]
  },
  {
    "id": "5",
    "name": "婚房布置",
    "children": [
      {
        "id": "155",
        "name": "床品套件"
      },
      {
        "id": "295",
        "name": "公仔抱枕"
      },
      {
        "id": "224",
        "name": "拉花挂饰"
      },
      {
        "id": "225",
        "name": "喜字"
      },
      {
        "id": "226",
        "name": "气球"
      },
      {
        "id": "159",
        "name": "家居礼品"
      },
      {
        "id": "228",
        "name": "摆饰",
        "parent_id": "5"
      }
    ]
  },
  {
    "id": "7",
    "name": "钻石金饰",
    "children": [
      {
        "id": "236",
        "name": "脚链"
      },
      {
        "id": "296",
        "name": "钻石",
        "children": [
          {
            "id": "230",
            "name": "钻戒"
          },
          {
            "id": "297",
            "name": "裸钻"
          },
          {
            "id": "298",
            "name": "首饰"
          },
          {
            "id": "299",
            "name": "挂件"
          }
        ]
      },
      {
        "id": "300",
        "name": "金饰",
        "children": [
          {
            "id": "231",
            "name": "项链"
          },
          {
            "id": "301",
            "name": "戒指"
          },
          {
            "id": "232",
            "name": "手镯"
          },
          {
            "id": "233",
            "name": "耳饰"
          },
          {
            "id": "235",
            "name": "手链"
          },
          {
            "id": "302",
            "name": "挂件"
          }
        ]
      },
      {
        "id": "311",
        "name": "银饰",
        "children": [
          {
            "id": "312",
            "name": "戒指"
          },
          {
            "id": "313",
            "name": "项链"
          },
          {
            "id": "314",
            "name": "手镯"
          },
          {
            "id": "315",
            "name": "手链"
          },
          {
            "id": "316",
            "name": "耳饰"
          },
          {
            "id": "317",
            "name": "挂饰"
          }
        ]
      }
    ]
  }
]