[
  {
    "id": "1",
    "name": "\u5a5a\u7eb1\u793c\u670d"
  },
  {
    "id": "2",
    "name": "\u7bb1\u5305\u5a5a\u978b"
  },
  {
    "id": "5",
    "name": "\u5bb6\u5c45\u5bb6\u7eba"
  },
  {
    "id": "6",
    "name": "\u7ed3\u5a5a\u559c\u7cd6"
  },
  {
    "id": "7",
    "name": "\u73e0\u5b9d\u9996\u9970"
  },
  {
    "id": "80",
    "name": "\u7ed3\u5a5a\u5fc5\u5907"
  },
  {
    "id": "248",
    "name": "\u5185\u8863\u6587\u80f8"
  },
  {
    "id": "249",
    "name": "\u9970\u54c1\u914d\u9970"
  }
]