[
  {
    "id": "1",
    "name": "\u62cd\u5a5a\u7eb1\u7167",
    "image_path": "http://qnm.hunliji.com/o_1btc7oqnc15os1dc7qeo1teq8pco.png"
  },
  {
    "id": "2",
    "name": "\u5a5a\u793c\u7b56\u5212",
    "image_path": "http://qnm.hunliji.com/o_1btc7oqnc17oq1d2d1vfq1i717rlh.png"
  },
  {
    "id": "3",
    "name": "\u8ba2\u5a5a\u5bb4",
    "image_path": "http://qnm.hunliji.com/o_1btc7oqnbhfq1q7e2hapm4d5pg.png"
  },
  {
    "id": "4",
    "name": "\u79df\u5a5a\u8f66",
    "image_path": "http://qnm.hunliji.com/o_1btc7oqnc6cdghd1bpt1i9j1pfjp.png"
  },
  {
    "id": "5",
    "name": "\u5a5a\u793c\u6444\u50cf",
    "image_path": "http://qnm.hunliji.com/o_1bto3qb9r1nci1f271het12an12ojc.png"
  },
  {
    "id": "6",
    "name": "\u5a5a\u793c\u6444\u5f71",
    "image_path": "http://qnm.hunliji.com/o_1btc7oqnc11r017ok1in96o91q82k.png"
  },
  {
    "id": "7",
    "name": "\u5a5a\u793c\u53f8\u4eea",
    "image_path": "http://qnm.hunliji.com/o_1btc7oqnc5k52vh12du77o1u0il.png"
  },
  {
    "id": "8",
    "name": "\u5a5a\u793c\u8ddf\u5986",
    "image_path": "http://qnm.hunliji.com/o_1btlh3mc46ks11b31on9dqb1rhc7.png"
  },
  {
    "id": "9",
    "name": "\u5a5a\u7eb1\u793c\u670d",
    "image_path": "http://qnm.hunliji.com/o_1btc7oqncuacrim1m5d7vc1g2nn.png"
  },
  {
    "id": "10",
    "name": "\u9009\u8d2d\u5a5a\u54c1",
    "image_path": "http://qnm.hunliji.com/o_1btc7oqncgp71gh91fk91h5t1v38m.png"
  },
  {
    "id": "11",
    "name": "\u8bf7\u5e16\u5236\u4f5c",
    "image_path": "http://qnm.hunliji.com/o_1bto3ogl92o21u5sq1vrl6qbo7.png"
  }
]