 [
    {
      "id": 282,
      "title": "免费试婚纱",
      "desc": "*****************",
      "image_path": "http://qnm.hunliji.com/o_1cjvoaae51nob79t8i91fm2a3u.jpg",
      "video_path": "http://pili-vod.hunliji.com/live256preview1531735320-1531735330.mp4",
      "status": 1,
      "merchant": {
        "id": 2,
        "name": "商家姓名",
        "logo_path_square": "Ba%u",
        "logo_path": "dykJn"
      },
      "diary": {
        "id": "10",
        "title": "*****",
        "user": {
          "id": 10,
          "nick": "回复打死了",
          "avatar": "http://qnm.hunliji.com/o_1cjvoaae51nob79t8i91fm2a3u.jpg"
        }
      }
    },
    {
      "id": 282,
      "title": "免费试婚纱",
      "desc": "*****************",
      "image_path": "http://qnm.hunliji.com/o_1cjvoaae51nob79t8i91fm2a3u.jpg",
      "video_path": "http://pili-vod.hunliji.com/live256preview1531735320-1531735330.mp4",
      "status": 3,
      "merchant": {
        "id": 2,
        "name": "商家姓名",
        "logo_path_square": "H^cy",
        "logo_path": "cf(jNU"
      },
      "diary": {
        "id": "10",
        "title": "*****",
        "user": {
          "id": 10,
          "nick": "回复打死了",
          "avatar": "http://qnm.hunliji.com/o_1cjvoaae51nob79t8i91fm2a3u.jpg"
        }
      }
    }
 ,
    {
      "id": 282,
      "title": "免费试婚纱",
      "desc": "*****************",
      "image_path": "http://qnm.hunliji.com/o_1cjvoaae51nob79t8i91fm2a3u.jpg",
      "video_path": "http://pili-vod.hunliji.com/live256preview1531735320-1531735330.mp4",
      "status": 3,
      "merchant": {
        "id": 2,
        "name": "商家姓名",
        "logo_path_square": "H^cy",
        "logo_path": "cf(jNU"
      }
    }
  ]