{
    "list": [
      {
        "id": "333121",
        "user_id": "7014463",
        "name": "喜匠婚礼（成都总店）",
        "latitude": "30.624388",
        "longitude": "104.072021",
        "weight": "4829.86000000",
        "rating": "3",
        "grade": "2",
        "logo_path": "http://qnm.hunliji.com/o_1bojpsjaj1idc5l8fae118a10np1g.jpg",
        "show_grade": true,
        "pro_price": 11800,
        "bond_merchant_expire_time": 7,
        "real_photos": [
          {
            "img": "http://qnm.hunliji.com/o_1bmtvvq6k9t840911k2culoo81e.jpg",
            "width": 1280,
            "height": 960
          },
          {
            "img": "http://qnm.hunliji.com/o_1bmtvvq6k9t840911k2culoo81e.jpg",
            "width": 1280,
            "height": 960
          }
        ],
        "shop_area": {
          "id": "510107",
          "parent_id": "510100",
          "area_name": "武侯区",
          "pinyin": "wuhou",
          "level": "3",
          "cid": "-1",
          "short_name": "武侯",
          "parent": {
            "id": "510100",
            "parent_id": "510000",
            "area_name": "成都市",
            "pinyin": "chengdu",
            "level": "2",
            "cid": "225",
            "short_name": "成都",
            "parent": {
              "id": "510000",
              "parent_id": "0",
              "area_name": "四川省",
              "pinyin": null,
              "level": "1",
              "cid": "-1",
              "short_name": "四川"
            }
          }
        },
        "merchant_comments_count": "0",
        "mix_price": "2280.00",
        "merchant_achievement": [
          {
            "id": "22",
            "title": "千万新娘推荐 2017年度优质商家",
            "target_type": "9",
            "target_id": "0",
            "target_url": "https://www.hunliji.com/p/wedding/Public/wap/activity/20171123-show.html?is_app=true",
            "label_img": null
          },
          {
            "id": "22",
            "title": "千万新娘推荐 2017年度优质商家",
            "target_type": "9",
            "target_id": "0",
            "target_url": "https://www.hunliji.com/p/wedding/Public/wap/activity/20171123-show.html?is_app=true",
            "label_img": null
          }
        ]
      },
      {
        "id": "333121",
        "user_id": "7014463",
        "name": "喜匠婚礼（成都总店）",
        "latitude": "30.624388",
        "longitude": "104.072021",
        "weight": "4829.86000000",
        "rating": "3",
        "grade": "0",
        "logo_path": "http://qnm.hunliji.com/o_1bojpsjaj1idc5l8fae118a10np1g.jpg",
        "show_grade": true,
        "pro_price": 11800,
        "bond_merchant_expire_time": 7,
        "real_photos": [
          {
            "img": "http://qnm.hunliji.com/o_1bmtvvq6k9t840911k2culoo81e.jpg",
            "width": 1280,
            "height": 960
          }
        ],
        "shop_area": {
          "id": "510107",
          "parent_id": "510100",
          "area_name": "武侯区",
          "pinyin": "wuhou",
          "level": "3",
          "cid": "-1",
          "short_name": "武侯",
          "parent": {
            "id": "510100",
            "parent_id": "510000",
            "area_name": "成都市",
            "pinyin": "chengdu",
            "level": "2",
            "cid": "225",
            "short_name": "成都",
            "parent": {
              "id": "510000",
              "parent_id": "0",
              "area_name": "四川省",
              "pinyin": null,
              "level": "1",
              "cid": "-1",
              "short_name": "四川"
            }
          }
        },
        "merchant_comments_count": "0",
        "mix_price": "2280.00",
        "merchant_achievement": [
          {
            "id": "22",
            "title": "千万新娘推荐 2017年度优质商家",
            "target_type": "9",
            "target_id": "0",
            "target_url": "https://www.hunliji.com/p/wedding/Public/wap/activity/20171123-show.html?is_app=true",
            "label_img": null
          },
          {
            "id": "22",
            "title": "千万新娘推荐 2017年度优质商家",
            "target_type": "9",
            "target_id": "0",
            "target_url": "https://www.hunliji.com/p/wedding/Public/wap/activity/20171123-show.html?is_app=true",
            "label_img": null
          }
        ]
      }
    ],
    "mer_config": {
      "content_title": "推荐商家",
      "content_sub_title": "推荐商家",
      "button_title": "预约",
      "button_type": "1",
      "chat_text": "你好！婚礼纪"
    }
  }